fname,set,num_sounds_without_noise,global_centroid
5cd32cd7d26b5638bd683eb7e53ba2b3,"background,chicken",1,1643.3981541182532
5581c39ccd0144f34dbabfd323d2bf24,"background,cow",1,1466.595251680667
6b6d0cc0399436a4e2467c570ece8abb,"background,dog",1,1535.1593975972437
f245e77456d993579819d3ee86e11da7,"background,donkey",1,2415.895967107151
18b74197db09559b994967e5a7616532,"background,elephant",1,1646.960487305633
84850904fe0f8ced464e4acf23e4cdc6,"background,frog",1,1672.1796606463172
715bdfa1e374e073a7972949cbd610e0,"background,horse",1,1752.5764138959053
17c2a0f090695f8bb6cd9ac9a67afa07,"background,lion",1,1558.8432265791164
1bb09993c22d5bf9b582f8e89fc10a4f,"background,monkey",1,1915.6396453138095
d77ed7a31c4077bdb60636c9f88c2ea8,"background,sheep",1,2213.635394571615
190002bcdd5b1beadae3ad5a73e060e2,"background,chicken,cow",2,1598.2551892145166
bee513f69cd98e12fade5aa754ad9f1c,"background,chicken,dog",2,1624.071099108457
4e4822cf364903e0fbf8cdae31ba023b,"background,chicken,donkey",2,2379.7443928470184
f6a6acee0bab42a15a8ed244a458818a,"background,chicken,elephant",2,1739.9116285348834
fc3d4094394df9fcfb549bf6181a17c1,"background,chicken,frog",2,1792.9708995853068
5a420f6d9d4831bd32b46336f32cd9a5,"background,chicken,horse",2,1850.3774305989364
0a50b154ea93f1cc1a005a0ffbc39530,"background,chicken,lion",2,1682.1920243795307
9283dcb568714c8783c798e002d4cc37,"background,chicken,monkey",2,2003.7571929179408
5eca22bfac153c9774d32536f10f1930,"background,chicken,sheep",2,2206.8864888203207
366a3d024d9feae4c2def19b1494a7fc,"background,cow,dog",2,1514.1014635945564
3fbb79d7c48aee68117e753cec0c009a,"background,cow,donkey",2,2303.5761663422686
a9716e2e7b154d7bae1c6e114c63f802,"background,cow,elephant",2,1614.2493552385379
5fab2c73530b39ec2dc4fab4b550741e,"background,cow,frog",2,1638.7548384167417
811ad985bc1c6a2602e3b40b8d6aadbe,"background,cow,horse",2,1704.162447490138
d2fdd7cf815e28864bff19e792611d3f,"background,cow,lion",2,1537.6735183555193
00e538de704c23d4d0e23c84d9ae5961,"background,cow,monkey",2,1827.2496071961941
2f178bda57007a805bc2107b2582b9cd,"background,cow,sheep",2,2115.2052531468053
658e38db049819fbc8111d65c3a92fef,"background,dog,donkey",2,2119.754629645531
7c096dba3a432d2bd949c40a977d6bb2,"background,dog,elephant",2,1665.6525544174192
0cc53b59606feff5b28b6ba3c9acf6f2,"background,dog,frog",2,1654.586302332348
b1057540865b8e6e6e3e709fc9cd21fb,"background,dog,horse",2,1757.6967785222737
7c2f650b3bcebdf43fd0b53d3bf824e8,"background,dog,lion",2,1613.6163472966966
d8c07e12bc520862ef850d419f79f9ec,"background,dog,monkey",2,1786.8107577747624
5d894199dc04f2be6c8b367444b16c22,"background,dog,sheep",2,1979.2956937884583
91dae91c9c7aed3e021e292e0ef59989,"background,donkey,elephant",2,2290.4670121667796
16ae7259b3a18f2bdbec47e62fc96cbd,"background,donkey,frog",2,2484.0007973280503
500b12b11ad5014bba044dc90a1955ca,"background,donkey,horse",2,2410.2489396395135
447c44ad07721630ba783809cfd1ae19,"background,donkey,lion",2,2244.2346962611487
b5f2ddd022be4714a3a9299683ac72d6,"background,donkey,monkey",2,2559.803565613638
2e298584dcfc215b5f52cf8c9360d429,"background,donkey,sheep",2,2538.646092531835
375e9a3fab85fa734d897cf44a3cfb5e,"background,elephant,frog",2,1770.2217358212417
f0a2a38b455d77a0c0895edd78d1e466,"background,elephant,horse",2,1746.0466284784352
1bcab6200fcbaed0f76845311bf2c8ae,"background,elephant,lion",2,1625.304565523499
212f72742c8be21d98c8e734553e67d7,"background,elephant,monkey",2,1901.2398053512493
1b5b8d4713a2650fe1043456f529c932,"background,elephant,sheep",2,2126.04825173029
3e92bee54c807b124422b3676b55cd49,"background,frog,horse",2,1870.199818370499
bec5a4866338a3b3aab5cd3fe74482a1,"background,frog,lion",2,1700.6918203780904
e3688218bfccd05031993aacab6c3b07,"background,frog,monkey",2,2019.5648196775614
78c8c3abb70dc5e8d78c7da5a81b26d7,"background,frog,sheep",2,2284.0285142982448
4216e2bf5bee2e49aa445f6a11bd1b34,"background,horse,lion",2,1699.4461406083979
f4037223929b364a4520ecb2ee8aee14,"background,horse,monkey",2,2024.570586502103
cc109b8ac3c755288767105149a5f65a,"background,horse,sheep",2,2203.5008013433394
fbfec10e3b5275d725e180fd26107f20,"background,lion,monkey",2,1839.4560743883824
5daa2bea199f4bc10bb3d7da303be727,"background,lion,sheep",2,2115.712631644444
76ed153b703f5f1c538e44b3067caadc,"background,monkey,sheep",2,2367.2676128697613
e713684fca41fdec8e95071fd3a38f36,"background,chicken,cow,dog",3,1601.5763091149602
9f09462e157f9b79bf737bb5d05f3477,"background,chicken,cow,donkey",3,2287.0551655646664
8bc442c44521c53051f2ad7e250cc2eb,"background,chicken,cow,elephant",3,1698.120010803388
5e2afbc9bd71efe5fd0cd3e5fc0fb382,"background,chicken,cow,frog",3,1740.6226201976408
4ae96522eb9e164b7a4d86711a394007,"background,chicken,cow,horse",3,1791.8550181122207
767ee1ee7526d305b5014e3e69a948f2,"background,chicken,cow,lion",3,1639.8653101205932
f3690411de28d6dd79cbd789ee376d1b,"background,chicken,cow,monkey",3,1914.7130830458402
f3f2caab299f2c501a03d00c792d8a02,"background,chicken,cow,sheep",3,2129.9089135181916
f541df47928a84389eca391552f69ae2,"background,chicken,dog,donkey",3,2144.435140978645
cfa8735a026b130124dfedda22dc8aa5,"background,chicken,dog,elephant",3,1719.9663809153785
6959329a65dcf331dd08a0e201d41b01,"background,chicken,dog,frog",3,1735.2251425562965
2c5e16fcb74776da3df5261a6f8f483a,"background,chicken,dog,horse",3,1808.4117707549472
3be8a617b86a5fe912bf676c4de7aba6,"background,chicken,dog,lion",3,1676.776225552629
42e338c13964ad93fe44097c070e7a3a,"background,chicken,dog,monkey",3,1847.7771073170036
afea94702ea00b7e605546f41f1091dd,"background,chicken,dog,sheep",3,2015.761004234364
cfdbb6e8dee4c8e33b3ef92a92cca556,"background,chicken,donkey,elephant",3,2275.9680539122614
d075bed362226952f776a0cb91d19e41,"background,chicken,donkey,frog",3,2438.967775749954
d4acab16c2c8720422aafd34f6192982,"background,chicken,donkey,horse",3,2362.765940899979
3666b4cf5afc1a45919f1c4cf6e8d16f,"background,chicken,donkey,lion",3,2204.408339574773
1ff72e1aab06974d86a2a7c767cd52f3,"background,chicken,donkey,monkey",3,2508.6573751874334
dccd3d55ed118307683355ecd9ac6025,"background,chicken,donkey,sheep",3,2484.0110696768547
4be17e151209854d1462ba2f6bf5eb4e,"background,chicken,elephant,frog",3,1846.6893788321827
29b0d53d89c538b3794d751b20e58f44,"background,chicken,elephant,horse",3,1826.145404729584
d65132661391ffb18ca51984e2972539,"background,chicken,elephant,lion",3,1710.7155337425797
ed1d8870acca72ceebe9586e95b5158f,"background,chicken,elephant,monkey",3,1970.3761253705525
4a0a413d6d4f1fa44dfe631607939c5d,"background,chicken,elephant,sheep",3,2146.9213549682026
fcd594e4579484ecd20fd59d689d35b5,"background,chicken,frog,horse",3,1945.9551045727574
9343e4be27d6b46d2c57da3d4e6bc5cf,"background,chicken,frog,lion",3,1798.457906078635
377b537d80fd73cc8ae6c30ec1a0453c,"background,chicken,frog,monkey",3,2085.996610523644
b1596ec334d6ea24907bbc77d2fea764,"background,chicken,frog,sheep",3,2272.086982402471
99487851f80742d38f06f1a99465bca1,"background,chicken,horse,lion",3,1799.1739185672704
fbee53601892dffa0c8979f082c58e3b,"background,chicken,horse,monkey",3,2089.112842958448
093f95c221a2013a58bc04450e0deafa,"background,chicken,horse,sheep",3,2208.2012316907317
84256676ee9ffbf0ac51da0a1d935378,"background,chicken,lion,monkey",3,1921.8968037077493
d413147207f3e19dca935e91fd2d3b53,"background,chicken,lion,sheep",3,2126.2765955306986
ba5496c0beac60af96bcb3e3e44b498a,"background,chicken,monkey,sheep",3,2359.033714441082
ea1cfccaa36c95f3d3174709dc7b82fc,"background,cow,dog,donkey",3,2074.4387506919657
d938f6eb471e0de732d67716b0cc2f33,"background,cow,dog,elephant",3,1643.7709229368093
65d65a2c179a877e669d3c749773c008,"background,cow,dog,frog",3,1629.6521562702428
d1d38fc6c305e8fb0a85ee55924ca286,"background,cow,dog,horse",3,1719.8697768733534
ee5d74ea6ae0b06a72bb49e161a7d4bf,"background,cow,dog,lion",3,1588.049880274542
eb6e26723c5113896e4378d5eaf5342f,"background,cow,dog,monkey",3,1730.0663174972626
5f9390291ceb67ac03b38ddc6d225d4f,"background,cow,dog,sheep",3,1930.9137643534477
0604c078b19d535b39206556f033656a,"background,cow,donkey,elephant",3,2217.072522762184
697bdf3f4d9c46fe0b9e24824dca03bd,"background,cow,donkey,frog",3,2378.9793939330375
59032c73e119d68c6002a1d73d87ee12,"background,cow,donkey,horse",3,2301.228168922335
d075fbcdc6ffc972ffb12815ed79f76c,"background,cow,donkey,lion",3,2159.986477464939
1f82ea14c81943a18f029de124d3fc15,"background,cow,donkey,monkey",3,2432.4054847865614
9c1d868648a8e27190c2916dbefe9d4e,"background,cow,donkey,sheep",3,2442.819519177848
7ed3c8b1dc6032e49f996bad42398919,"background,cow,elephant,frog",3,1735.879891953531
c1bfcbf5112e40c87537db0918593cf2,"background,cow,elephant,horse",3,1714.6216244824648
2dc159e53fec9a0aff05949978d2570f,"background,cow,elephant,lion",3,1605.912410456739
d24c9c2874a0a1ab225d5e61592734ef,"background,cow,elephant,monkey",3,1856.8965297412842
c9e56e2f8b3dbc8ae2b50425875ce701,"background,cow,elephant,sheep",3,2066.0908856443675
6709f291c17ae10b9589608a57cd8f9b,"background,cow,frog,horse",3,1823.0260122300738
ffb6359b8d4d9176b6cf7708d6e7abc8,"background,cow,frog,lion",3,1673.9067931218083
0560e218e0efa9c8d11bb48e0ab68084,"background,cow,frog,monkey",3,1935.6200689864486
977d9e4897a7a2ca3861870ffe978e21,"background,cow,frog,sheep",3,2193.3021922751796
c7d83c4dac39d7e6e83d035c660dddf8,"background,cow,horse,lion",3,1663.5658253978552
551ea495ee57c953dcd7e0eb2d56a41b,"background,cow,horse,monkey",3,1943.530747987019
2162f6216f0ef9a3155f39e65f5fd751,"background,cow,horse,sheep",3,2119.8660909760674
bcfeb96d136ba4244a3553cabbeb5083,"background,cow,lion,monkey",3,1788.9770554348838
d353a53271795b9a4e2adf43967436e2,"background,cow,lion,sheep",3,2055.1516040460137
b19f1ab1da0825ab72444bb240239a6c,"background,cow,monkey,sheep",3,2260.405297859534
1a7a9662daff342bdae75188fb75910e,"background,dog,donkey,elephant",3,2085.5365680914515
880322e47b2e0a2898d5ecbe99fe74a9,"background,dog,donkey,frog",3,2194.174737759383
ec7d67a289e9f9d8c9e5c8ebb24982ff,"background,dog,donkey,horse",3,2165.468097140582
bdd3e7b9475f4d84d6ad7155859dec99,"background,dog,donkey,lion",3,2037.374653403937
c198e201073cbc4757d15dc293641152,"background,dog,donkey,monkey",3,2237.9842966968195
b9c2dfd422afbd5cc01d38a1e139ca4d,"background,dog,donkey,sheep",3,2233.3551820890166
73bca172858ffd1d9749038e4cc056fb,"background,dog,elephant,frog",3,1749.99615366554
57fb0b0b269cf7f56e23b5636832bb7d,"background,dog,elephant,horse",3,1761.285453606018
ddf98a6dc015f406b1f8c42e5ed28b46,"background,dog,elephant,lion",3,1670.0481858567582
4a2cfcf23bd61eb3ec45dfe6afd29de7,"background,dog,elephant,monkey",3,1812.7309849915625
7fdfac4096f1e6b428d50b24ffc141fa,"background,dog,elephant,sheep",3,1970.5308316932133
26f0a5e2617f422b375f22c2a862d625,"background,dog,frog,horse",3,1835.6223333587777
4a5c6a0cf63d62826715a05ea724d436,"background,dog,frog,lion",3,1705.7170878046966
5e9cca6808dd051d438e021deb906854,"background,dog,frog,monkey",3,1873.0301168447397
7cebd261c9705541f10279fa05d86a61,"background,dog,frog,sheep",3,2050.4132455407557
6b5956bfc5533caf656a6a615fbf0ae2,"background,dog,horse,lion",3,1740.2080618640182
de916b8678e0e89109855b0f9b66d176,"background,dog,horse,monkey",3,1918.4199804866685
2fe6fd1932c6c7cb8e276d1ad92602c4,"background,dog,horse,sheep",3,2021.8358118504661
8b6d0668d44f20fec90b7f23a80a12c4,"background,dog,lion,monkey",3,1770.1145267034306
e848629e6d5e850fde9ef8eff2309ec8,"background,dog,lion,sheep",3,1962.085986357941
152281789c8f4b04f15e322a67af965c,"background,dog,monkey,sheep",3,2112.5552916488436
00c8e7ff1729bace78601841deb64eee,"background,donkey,elephant,frog",3,2353.5976592569873
2451c3c91e539946fb3b4ef81df49c2d,"background,donkey,elephant,horse",3,2278.227471386413
cf6d8330ff62411a893bf47301a9df30,"background,donkey,elephant,lion",3,2165.8971018940915
3b03b88ba09a03efe2fbaee692a35c4d,"background,donkey,elephant,monkey",3,2395.8486587296147
16113020b1e9d6fee805fe59edcc77e8,"background,donkey,elephant,sheep",3,2402.8528813398484
44e10c5268a5252727b9d7f0bf858e6e,"background,donkey,frog,horse",3,2459.973949073492
0d704498ee84a1addd24b4bb81b8c7a6,"background,donkey,frog,lion",3,2301.3001600469006
31e9550f107423af730c185e7aab9d67,"background,donkey,frog,monkey",3,2607.521199443323
0c15c9fa80c5eaf6350128a304cbb148,"background,donkey,frog,sheep",3,2574.7167192245392
a2885dfad18e3943391bcc7681d17d75,"background,donkey,horse,lion",3,2256.472444994328
aab8d93ee63bf4f9e13d5cb4ddfe9831,"background,donkey,horse,monkey",3,2505.3490823084476
c6aac5b8ebce3b56960c7e599b246f08,"background,donkey,horse,sheep",3,2493.173158397108
0c836e4228ebbaeeeaa9e973031b697f,"background,donkey,lion,monkey",3,2350.0782335028703
a56fb5ecc5fe9ec52205f107eb067550,"background,donkey,lion,sheep",3,2351.276059815863
ca436091238581acfc8b7c99e72952ba,"background,donkey,monkey,sheep",3,2606.9744725702303
81e24ae7159576b4abf04a9d8f661276,"background,elephant,frog,horse",3,1844.7103145419383
c13260cc68ba038f9863d36e78811929,"background,elephant,frog,lion",3,1735.8971506366133
d28d855450924b4d91c09e1f0a085141,"background,elephant,frog,monkey",3,1983.9731821667976
ab5f2f4d69170affc0d12222fa270e92,"background,elephant,frog,sheep",3,2188.8774800736323
016b8bfe39a83dc45c5405a1efbd8097,"background,elephant,horse,lion",3,1701.1284900848973
af0fb851c832e03c07f56475cdd32c08,"background,elephant,horse,monkey",3,1946.968326010412
fe72633c5d0f03a761948176a9dee8eb,"background,elephant,horse,sheep",3,2125.047118202094
e14d08b6de5d48e176b65e8906b1e097,"background,elephant,lion,monkey",3,1837.7832103163626
cf5e9ca76e26172f10cbfefe2dda2a60,"background,elephant,lion,sheep",3,2064.0609943749737
2535bc7ad6b8df68ac1d2069a77e5016,"background,elephant,monkey,sheep",3,2242.262772589309
5770bb209b119ed4f8ddb9eba6bf2214,"background,frog,horse,lion",3,1813.1814410920329
0f77671bbca1f6fcc148db3000fb870d,"background,frog,horse,monkey",3,2088.453807186884
fdc0d6b3a56142aa0cef85f80136c625,"background,frog,horse,sheep",3,2252.7612494046402
20be29bf72bd0c1bb97f3ef7cf8d3991,"background,frog,lion,monkey",3,1910.5218283682796
6b1aee21265f5b54788a28e7272307a0,"background,frog,lion,sheep",3,2169.3750954828092
40764989ed23704336e6b0cdb6ad0e26,"background,frog,monkey,sheep",3,2419.796894781056
29ddac8ab161620533a285eb6badcce1,"background,horse,lion,monkey",3,1914.0779554531666
cc1fb6c9462af9f4e9a96ee758229775,"background,horse,lion,sheep",3,2115.25529033342
d450032732e607efc2bdda2c94d9eeea,"background,horse,monkey,sheep",3,2323.442522673788
80b257a0ddd7a539124b5cd4f4a772ec,"background,lion,monkey,sheep",3,2210.517622033081
0aec9010d34996d23979092bacc928ea,"background,chicken,cow,dog,donkey",4,2099.609283100925
1268bb0594cd82ebc297ab412c620f35,"background,chicken,cow,dog,elephant",4,1694.6253997031004
d66ca583abb21f569f95c5b729740f1c,"background,chicken,cow,dog,frog",4,1707.901036697419
623b58253bae3f70c74e6d032467dad8,"background,chicken,cow,dog,horse",4,1774.1873346665561
026dc69c56f384d4e0b29a06022a9e36,"background,chicken,cow,dog,lion",4,1656.9952026758147
5b484b766f6fa840d6e24fbf5d6754b8,"background,chicken,cow,dog,monkey",4,1800.5650385315287
f149fa213b3b7e37f79abd152bbba2fb,"background,chicken,cow,dog,sheep",4,1971.9142648148998
87577959b74ae8a249f390e1dc69133f,"background,chicken,cow,donkey,elephant",4,2220.1602476464245
98553d5beb4da92915c9f5d757a43e38,"background,chicken,cow,donkey,frog",4,2355.8630843525652
243aff18032f97a06e6b18622c1e260f,"background,chicken,cow,donkey,horse",4,2280.884010497379
bc4dd9ebceadd88c986486f9ec6fc936,"background,chicken,cow,donkey,lion",4,2144.421355993221
9c7681e4bfb8b85c1c2912e6f96f7b55,"background,chicken,cow,donkey,monkey",4,2408.9212826314024
77e841addb91ced54e5ee0cf2d23234e,"background,chicken,cow,donkey,sheep",4,2409.4844019350303
4ce471befb57e81a4b7f7ccf5605f9d2,"background,chicken,cow,elephant,frog",4,1805.5452223107159
7c121787cf79a79e59903c78146c3d4f,"background,chicken,cow,elephant,horse",4,1786.1137117906828
45bd4b154529de40fcf6dc1ed3194af9,"background,chicken,cow,elephant,lion",4,1681.5472997121644
9907a8327d4348118d679c280b602583,"background,chicken,cow,elephant,monkey",4,1919.927328016941
e08abecd74574c95f7eafc88ed6ae776,"background,chicken,cow,elephant,sheep",4,2097.6381837732206
15a0e167c0eb58600ee35c3931a79909,"background,chicken,cow,frog,horse",4,1892.902098291887
78b6aefaa2c78aac64fa328c46470b17,"background,chicken,cow,frog,lion",4,1758.4681902874206
f6bb94f73688254b9bafe5270e20414e,"background,chicken,cow,frog,monkey",4,2005.2182794203798
a93f22e4768720adeb9efffde70f8579,"background,chicken,cow,frog,sheep",4,2200.6726622349806
dfc8ee6112e7a26deae8dea41b907016,"background,chicken,cow,horse,lion",4,1752.741320967875
f594ed1c062d53e054fca9e96d73db30,"background,chicken,cow,horse,monkey",4,2009.0807570741274
1861b296c620a2573a24e7d6a6f6bbf7,"background,chicken,cow,horse,sheep",4,2141.9126079294083
de824f9d3b460dd3effe5a0155c8f20d,"background,chicken,cow,lion,monkey",4,1863.6432746477997
eed5c8ceb25397b6217e9de73e5d877a,"background,chicken,cow,lion,sheep",4,2079.8380244081873
791bb3dbe7d788b9b970021483848dd5,"background,chicken,cow,monkey,sheep",4,2273.1648176415038
0df5f1cffcd9e308122c9866c7b318a8,"background,chicken,dog,donkey,elephant",4,2098.205270870103
12f1fb2a90b090592a13d7f41d14ca7d,"background,chicken,dog,donkey,frog",4,2209.0580961633814
3e6dcf97cea3b96e0026854380e3e892,"background,chicken,dog,donkey,horse",4,2171.518650521745
3f30f4dfd5f39ee9bf7792a5a78ecbf1,"background,chicken,dog,donkey,lion",4,2052.479773428132
9fde90e9ca8a9d501f5a143eff27627f,"background,chicken,dog,donkey,monkey",4,2245.6981428323097
5c14c6acaf9bd4bea1e105c9ee7c15d5,"background,chicken,dog,donkey,sheep",4,2243.7542729156894
bd560af35896aba0b5883161fba58223,"background,chicken,dog,elephant,frog",4,1801.370643136831
2b5fd082a8b25e310d280ec59cf5ef40,"background,chicken,dog,elephant,horse",4,1808.5198693136451
16bc252525ac63b0752c9e1495c74629,"background,chicken,dog,elephant,lion",4,1717.8477535552372
3f0fa2b0619d27fb03a76a3d3dacf6a5,"background,chicken,dog,elephant,monkey",4,1861.2653818494966
1240a9516749791db4ad620e667b7df5,"background,chicken,dog,elephant,sheep",4,2002.741940746336
97e8889f723ced098188e0020530f5bf,"background,chicken,dog,frog,horse",4,1884.1373951047533
1036f4275be48fbefa9ec6771bbd26d8,"background,chicken,dog,frog,lion",4,1766.6409152859742
e9a24d15b56c861432de8975249d63d4,"background,chicken,dog,frog,monkey",4,1925.9264275424764
a158f74134bc07ce1a11d26592c1e556,"background,chicken,dog,frog,sheep",4,2080.9971234327113
5abff28f7170672a471b8317e9602989,"background,chicken,dog,horse,lion",4,1791.7592973383194
1604dc675a0658a07708c33cec62a90c,"background,chicken,dog,horse,monkey",4,1962.353141802976
c92fa0f5476494b6c4366b29fbee0780,"background,chicken,dog,horse,sheep",4,2054.898669714039
9063eb7d22f39c5d29cf3a72d4ba9ab9,"background,chicken,dog,lion,monkey",4,1824.0595814568244
c19f9e730a3cfcf91add78e9d88b9fc2,"background,chicken,dog,lion,sheep",4,1997.9961495563746
8972416e06543559c7155c3f3cffc5e2,"background,chicken,dog,monkey,sheep",4,2141.35998532612
8f598724691fb2a6b634c665dfcffe5a,"background,chicken,donkey,elephant,frog",4,2333.434339230136
a480b953fade55952932df9db2d994e0,"background,chicken,donkey,elephant,horse",4,2259.3345401609777
04de2f12038afc92f86ffbdf13f1ab8b,"background,chicken,donkey,elephant,lion",4,2150.1243628839115
94cfee0bb6c6b958dbfd294234dc7961,"background,chicken,donkey,elephant,monkey",4,2377.254211704885
0fabbb8bb805a5138439d234a4deeb1b,"background,chicken,donkey,elephant,sheep",4,2385.726969794888
213a825109cda97978a97628f2ee4e53,"background,chicken,donkey,frog,horse",4,2413.5396612651143
53d791850b113f9f711d4540406d69f2,"background,chicken,donkey,frog,lion",4,2259.7409742790064
17f1e85729f26ddb030c9039734b7dff,"background,chicken,donkey,frog,monkey",4,2549.811257253625
55523f2b7aaa56bc94ec654396a0e215,"background,chicken,donkey,frog,sheep",4,2524.1371411974847
fcabf2d3f42c71044386a274697f6118,"background,chicken,donkey,horse,lion",4,2214.3732660654596
a5dbc4b0a8e652b8e68a6e28cf199230,"background,chicken,donkey,horse,monkey",4,2459.0469753875623
b0b764d1c6fe6c9ce8c0b744b1885e40,"background,chicken,donkey,horse,sheep",4,2449.579570770591
8fd385005069b8a3e8fa59fb4352bfe0,"background,chicken,donkey,lion,monkey",4,2304.2483670337097
74b91b79a49ee6a47e98f7203d1965ca,"background,chicken,donkey,lion,sheep",4,2311.761422493122
836bbe5a7898f9e3e022b5e3e7a6f548,"background,chicken,donkey,monkey,sheep",4,2557.968121700539
868ec92821d3fb3a0a6c3439e058f700,"background,chicken,elephant,frog,horse",4,1913.6011707461973
212296872b25816d1d97c0d83c0bcc80,"background,chicken,elephant,frog,lion",4,1809.9785851894092
ac612055a8545040ae457808b0e5d1ee,"background,chicken,elephant,frog,monkey",4,2043.7236119807392
373036b9d313224d38c1a0fdfe4625dc,"background,chicken,elephant,frog,sheep",4,2205.077027287792
08c9002f8cd38eeca0f53271e31227b9,"background,chicken,elephant,horse,lion",4,1780.5098590197208
662188a994f3af1a075e5593136c23c2,"background,chicken,elephant,horse,monkey",4,2012.216192648481
24d17a32a67dd72b7f081e3e2356b873,"background,chicken,elephant,horse,sheep",4,2146.1095283786954
125d982eaf96bf2e7df84119add00b26,"background,chicken,elephant,lion,monkey",4,1900.9806089721287
8e55347c048af75c52faec343d40265a,"background,chicken,elephant,lion,sheep",4,2083.2262931672567
dbc3c365a653927150e7f428bb93e42d,"background,chicken,elephant,monkey,sheep",4,2258.7414024099307
2bad7ab5dc0ccbfc4ef141af229d1e34,"background,chicken,frog,horse,lion",4,1890.4439280323209
2629b7baa8e608489e368ccfa443866b,"background,chicken,frog,horse,monkey",4,2148.8389201292857
ee6d83658561c8a01fffac24a6c2e78a,"background,chicken,frog,horse,sheep",4,2256.850254857375
49b38cd214aa9397205509650488394d,"background,chicken,frog,lion,monkey",4,1985.3038114325013
f5ea9b598f5e0446997ffef5f5a3b92d,"background,chicken,frog,lion,sheep",4,2175.8341434241947
3f22edd61138749bdbd4461f13dcee9c,"background,chicken,frog,monkey,sheep",4,2408.1354426976236
33be28d56911fd1811bab1ac6505c89b,"background,chicken,horse,lion,monkey",4,1984.1391260020964
8606ede387a11fffa2aff9a3a020f983,"background,chicken,horse,lion,sheep",4,2125.8184058946918
e3be327d97e4d58e78350fb2f908043f,"background,chicken,horse,monkey,sheep",4,2324.629068292466
7a97b92a5b22d8af1755ac781da78124,"background,chicken,lion,monkey,sheep",4,2218.5574319433526
e42c5123e8e9231cd8d42bc8b473af1e,"background,cow,dog,donkey,elephant",4,2050.1611729001897
c0873b04573e960758173956319764f5,"background,cow,dog,donkey,frog",4,2146.706818711408
9e97ee9beaeea65bf91cd79bcd6dc85a,"background,cow,dog,donkey,horse",4,2114.4665579352886
00eaa88f91e20d85bc6a457d1ea49442,"background,cow,dog,donkey,lion",4,2005.5865645559309
29a35ba956d2511d5dfe15a5de0299a8,"background,cow,dog,donkey,monkey",4,2175.827881510741
4163f0a816fb0e49be53eeb3a7a1e566,"background,cow,dog,donkey,sheep",4,2187.1365558360317
05008e1f8d12237b8016c80e731b6364,"background,cow,dog,elephant,frog",4,1727.4276756917577
205a0e2c6f39469fe8cbad52002c0d47,"background,cow,dog,elephant,horse",4,1736.0373421437582
794e7ac296f80ae0095e32bd445182a5,"background,cow,dog,elephant,lion",4,1657.0963811927481
1fda515032dc776debc2883b3dffd6d6,"background,cow,dog,elephant,monkey",4,1784.235129084423
715c3970eb4c0b7734f8ae871239c25d,"background,cow,dog,elephant,sheep",4,1938.8842308753685
33229b6db69dd45c391d1513395da68e,"background,cow,dog,frog,horse",4,1803.638529076797
80ae532fb115ed476df2a5d56dd5d92a,"background,cow,dog,frog,lion",4,1682.856009088035
cf709886c9141cf66e275c8a53ed6aea,"background,cow,dog,frog,monkey",4,1818.0847337056537
a37ce4060a035e1138c65b9cc543e2d4,"background,cow,dog,frog,sheep",4,2005.0113440616442
363629af2b0a71150576b20ffa635c12,"background,cow,dog,horse,lion",4,1714.4718807955735
52cda9dfde31a49b1a25ef4d73aaefa8,"background,cow,dog,horse,monkey",4,1866.1236641976054
454f402dd3b0d25726327dd4018b4da0,"background,cow,dog,horse,sheep",4,1975.8484131768191
df71651a1ea68f9a21dfad7962ff37f2,"background,cow,dog,lion,monkey",4,1737.2996405469862
055fee731e8e7d1f06a511a173080014,"background,cow,dog,lion,sheep",4,1933.5973992332563
2cda413e3664d3d10f8a377aeb160126,"background,cow,dog,monkey,sheep",4,2051.7917972722394
8a34e40a1d13506627008e5b0c57425b,"background,cow,donkey,elephant,frog",4,2280.240667897877
72c60fd234c83eb4f4888077ac6c7c3a,"background,cow,donkey,elephant,horse",4,2206.53299618826
66228c008e680ac15a249e3e58eff976,"background,cow,donkey,elephant,lion",4,2108.092042620808
ab7477dfbd05e82bf5a73d73c3baed12,"background,cow,donkey,elephant,monkey",4,2319.4592124187507
7c7fa462b51227ef7ace1f64292a3dcd,"background,cow,donkey,elephant,sheep",4,2340.348076766597
f597af1f7a8bab3ddf7ac445084e8fde,"background,cow,donkey,frog,horse",4,2357.7370800548
abf7ea574ea77644b7598c449cac9604,"background,cow,donkey,frog,lion",4,2222.5617657205344
0fe83b0927be213512eb04adebcd7a3c,"background,cow,donkey,frog,monkey",4,2487.312246217615
6d666557efbc1edd8597991f0c970a8f,"background,cow,donkey,frog,sheep",4,2484.7521179584933
7c5f0f2eddc4ae562b16f2e4fbdd0203,"background,cow,donkey,horse,lion",4,2172.1218198385604
7457c2e515375f45940aeed11c202896,"background,cow,donkey,horse,monkey",4,2397.249738794246
88663af7943ada43623c60db1820f412,"background,cow,donkey,horse,sheep",4,2411.5582149255547
af5405ab5f13f40740c799f3058feb30,"background,cow,donkey,lion,monkey",4,2266.159839038442
80042ddb647caa9f194a3646edc30204,"background,cow,donkey,lion,sheep",4,2293.7029820147754
32508872136b474e6ab5cabeaf2339f9,"background,cow,donkey,monkey,sheep",4,2508.839891306624
b6d3e631ae82cc1c999d508680696899,"background,cow,elephant,frog,horse",4,1813.3407289127001
1e0a3091d75e04f4b24775229ab0c9cb,"background,cow,elephant,frog,lion",4,1714.4512416880864
2881c0e449a828c94248f95d8a90ff29,"background,cow,elephant,frog,monkey",4,1940.4604222239898
b8325a3400263d959b5f7ba480b8f825,"background,cow,elephant,frog,sheep",4,2131.070996711598
e3d7e3be251f36c83ec670f13dabb420,"background,cow,elephant,horse,lion",4,1680.7583640914163
093c1803c77754b31312017b72b960b5,"background,cow,elephant,horse,monkey",4,1906.2292236934088
fd1ae6ebf4b5b71eae440c5356142990,"background,cow,elephant,horse,sheep",4,2066.000692477728
73f30aaadb7b7c705d806a0c3f86e366,"background,cow,elephant,lion,monkey",4,1810.1340254269328
2e3d561971d9e894238b5c1c5fce15db,"background,cow,elephant,lion,sheep",4,2018.0173569437359
c819ae7dd79785c7d9eec0b7e537b507,"background,cow,elephant,monkey,sheep",4,2177.953581730324
6ca969f857dda8c3fd2400ebbd88916d,"background,cow,frog,horse,lion",4,1777.5784897074257
6a70e193cb136aac5bf6a708a970378a,"background,cow,frog,horse,monkey",4,2021.3457092911417
90d858286ec55cea9af21d4883ac6be2,"background,cow,frog,horse,sheep",4,2178.6700599061537
564cfdb2fdfb752b4cc1fd49c47f26c7,"background,cow,frog,lion,monkey",4,1869.0203427975096
53cbb54a3d7affa7efbaf9e7c2116020,"background,cow,frog,lion,sheep",4,2114.2581041447365
7341f58cb0a194de7f3797d9564cd9ae,"background,cow,frog,monkey,sheep",4,2320.5940363293917
9b30ba7d2949e85f9e0422528ac0f188,"background,cow,horse,lion,monkey",4,1859.8218255648605
88e79c0d8442bfe903f2c2c6009145e7,"background,cow,horse,lion,sheep",4,2053.4046559447743
1abbb6a00920026f6dd719e5ab50bc2c,"background,cow,horse,monkey,sheep",4,2235.185307665698
96bba3e5952c657db31abcccfd2b5ff9,"background,cow,lion,monkey,sheep",4,2148.9856083658337
55d841ad2e3efa783943ce56c743e56b,"background,dog,donkey,elephant,frog",4,2145.334447061638
b1fc3e3f44470b0102b294244b85ec72,"background,dog,donkey,elephant,horse",4,2108.1560694767286
d661c24fd9d7e59d0312528ce5ed68bd,"background,dog,donkey,elephant,lion",4,2022.197376778508
941b25c4432c4c4b5d14b5ee65ad2056,"background,dog,donkey,elephant,monkey",4,2166.293599257161
d03d11a646cd038af1dbd29e34a63975,"background,dog,donkey,elephant,sheep",4,2183.390895418884
1bc573609239508358f9402c24ee80e7,"background,dog,donkey,frog,horse",4,2221.8445969763934
184ac5c2adf3209406b3bae6fa2a8f63,"background,dog,donkey,frog,lion",4,2101.6912960249674
cecac20f9552c052dabde776d7235560,"background,dog,donkey,frog,monkey",4,2296.501545863234
01cca3eac3fc522fdbed34eaade5bbf3,"background,dog,donkey,frog,sheep",4,2288.0366838794152
6bb0230b8489dfed0f772e773b35ee76,"background,dog,donkey,horse,lion",4,2070.0458479586164
d0cfcb60314f49a7b02308c56f53c0ed,"background,dog,donkey,horse,monkey",4,2245.1957241728956
af2a5fbce6f788de700f223523796a47,"background,dog,donkey,horse,sheep",4,2245.535308470833
eab7c9ee30098f0083300843d1083c14,"background,dog,donkey,lion,monkey",4,2122.921200896269
d6bdbc92f8a3bf322c09789f37ff32a2,"background,dog,donkey,lion,sheep",4,2142.7575074194183
28d069c6934f75916e83d72c94597d95,"background,dog,donkey,monkey,sheep",4,2308.022675544367
beb8b384d8190224fbffd40bec671e99,"background,dog,elephant,frog,horse",4,1833.471922452062
c72b378249cd22731c721460ecc64c40,"background,dog,elephant,frog,lion",4,1747.0072651555026
c905c4bfd92ddc1551bd9195ac981579,"background,dog,elephant,frog,monkey",4,1881.8441648327794
6c8f4e04c5224fe83aed9a06a86aaa6b,"background,dog,elephant,frog,sheep",4,2028.4389843096005
a4b0d8f18be4c7c30a82a49dc7140333,"background,dog,elephant,horse,lion",4,1743.383161571012
c831268a77b9e3d05fafa85caa1c6547,"background,dog,elephant,horse,monkey",4,1883.0825789379908
8aa05edc895929f4feb5ab7b0cc08acd,"background,dog,elephant,horse,sheep",4,1996.4685427513236
49ceccb1cdf485421e75157134d20f12,"background,dog,elephant,lion,monkey",4,1787.629779660033
aee986a8e951328c5380adb271affb61,"background,dog,elephant,lion,sheep",4,1950.7206993178568
f82e3ad874b7570f7786c8ba0143ffd6,"background,dog,elephant,monkey,sheep",4,2063.080107673374
65914146f3ca4904d111cb1d2225aeb5,"background,dog,frog,horse,lion",4,1818.0273598301103
4da6dba510d6147f4f1a62e7927a3873,"background,dog,frog,horse,monkey",4,1977.5123196824497
5d37973aa6fb956541ae0ada6b6bc991,"background,dog,frog,horse,sheep",4,2074.9421067622498
81ff51c6b6953230deed973e24c6b243,"background,dog,frog,lion,monkey",4,1838.1249479389653
c2f668c9639bff49ea1b1339326b32fa,"background,dog,frog,lion,sheep",4,2019.6086453496696
5374746b54c279216296eac59b601b4b,"background,dog,frog,monkey,sheep",4,2170.1721839386514
5bf09e26bb4fa61c0c62d89c26ca215a,"background,dog,horse,lion,monkey",4,1857.3888525859206
df6d368be2ea5d7f8fe94a2e1bbcb9ad,"background,dog,horse,lion,sheep",4,1981.9881038801136
24011f223c819d8d90a18d5ca5d2249d,"background,dog,horse,monkey,sheep",4,2123.1004931482644
3a9416930a62f8efdaa3913e9a909981,"background,dog,lion,monkey,sheep",4,2045.5729856983223
904be140c296d56cad6c72111008b1bd,"background,donkey,elephant,frog,horse",4,2333.7837151677063
361f2d39d9235110bce360b4eb3c902e,"background,donkey,elephant,frog,lion",4,2223.2034737342387
fa2540ee53bda3a4b3956253667a35a5,"background,donkey,elephant,frog,monkey",4,2446.318036992398
7bb46ca5cadb66cdd6c26348e8a7d8db,"background,donkey,elephant,frog,sheep",4,2446.5624239501553
6c30242b14d0f38d8824822f39c0bb9c,"background,donkey,elephant,horse,lion",4,2172.5025806531326
fa5a9b30a00cc866a386da26b458efdf,"background,donkey,elephant,horse,monkey",4,2368.527836087412
c4085b268bc70a9a11e6310ebe1a45b9,"background,donkey,elephant,horse,sheep",4,2380.133327500758
963f474d3ae42681e8bfe6ecec720b5f,"background,donkey,elephant,lion,monkey",4,2263.469442598851
e2cdb9b5ecef9bb966fc928097eb796e,"background,donkey,elephant,lion,sheep",4,2278.2289313204024
9a9cbc0bbd1b0159790e19be00ac4ee2,"background,donkey,elephant,monkey,sheep",4,2465.1231259852143
3a03cb1e7a28fbf9452c9152310d48f0,"background,donkey,frog,horse,lion",4,2306.39222134259
6625b62d99c24166ab0a545846ef1aa8,"background,donkey,frog,horse,monkey",4,2542.9794490995455
526671225bd101b161036044ccb63eec,"background,donkey,frog,horse,sheep",4,2523.9847929586444
2bef1468336f7b918e962aa9524d5b38,"background,donkey,frog,lion,monkey",4,2392.1404553856773
b8218f12b399d93fc9b473eb877911a9,"background,donkey,frog,lion,sheep",4,2386.4866871121367
ad69533a5ce18d2c7b9f233e97d47078,"background,donkey,frog,monkey,sheep",4,2641.156233747071
5f5c2a265c0c324ea54455b7a4c2fa8a,"background,donkey,horse,lion,monkey",4,2342.6783932817234
93855fb681a9dd25fe3a3522024b05ac,"background,donkey,horse,lion,sheep",4,2341.4927323545653
8625ca9292e850450b9c9ef0b9bbd34f,"background,donkey,horse,monkey,sheep",4,2550.5088411261
c29b09fbad01a48179860d16cf0f85df,"background,donkey,lion,monkey,sheep",4,2407.8208819083643
ebe123fbaff86f3e5c791d4912334b5e,"background,elephant,frog,horse,lion",4,1796.1645651263625
75560e9e9cb2e06198b2b1e2e4d7b07a,"background,elephant,frog,horse,monkey",4,2019.6166400009001
dd29968627f01ef96849273bc64c476e,"background,elephant,frog,horse,sheep",4,2181.440805913119
35de56162c4211f7b2292b9ad926c832,"background,elephant,frog,lion,monkey",4,1908.3126225549966
f3d8bc5ab7241942cc2a453607c4ed8f,"background,elephant,frog,lion,sheep",4,2118.2288530987403
83b954001b5f30f3e8022ae082fccf1b,"background,elephant,frog,monkey,sheep",4,2293.894244508914
5a6a735a010c6afc87be99d3c9b3658d,"background,elephant,horse,lion,monkey",4,1875.424165109546
e443eb9e3f19086cafa9f215a7fb6e37,"background,elephant,horse,lion,sheep",4,2064.380448390764
6a5b8483a8ff14f8e3b382c7d94923ae,"background,elephant,horse,monkey,sheep",4,2224.7128880324617
2f85da86c4ff469a9a546cd7a5a88deb,"background,elephant,lion,monkey,sheep",4,2149.5888433434343
55fae78869c32b3d68e03d0856b36bc9,"background,frog,horse,lion,monkey",4,1979.8308654237685
b7046dbce00efd829791baafa43154cb,"background,frog,horse,lion,sheep",4,2166.2762405205012
61662e86083c584e6d2ae7a6f6a1fc93,"background,frog,horse,monkey,sheep",4,2362.4032140029894
e9125e5c64fa456d631f03943015d01e,"background,frog,lion,monkey,sheep",4,2255.4987803084105
a112319a13458dd4a06bc67685bfa40c,"background,horse,lion,monkey,sheep",4,2197.368172773767
50b57d4a780cf90ba2460f26cee6b173,"background,chicken,cow,dog,donkey,elephant",5,2065.642369413934
84c75e728037cbdd8fea0aad6c3f058a,"background,chicken,cow,dog,donkey,frog",5,2167.10844499274
97f8a8464f4d0ace4629c7df71927567,"background,chicken,cow,dog,donkey,horse",5,2129.8496301488753
3dc05b7caabae4b0c582826b9d8d417d,"background,chicken,cow,dog,donkey,lion",5,2025.4593163384905
0b04c7164d1a7c1255f95e7a331471e2,"background,chicken,cow,dog,donkey,monkey",5,2194.678158545606
5bd539b35923bd62adaa6b05da6b0729,"background,chicken,cow,dog,donkey,sheep",5,2200.179301929673
d2a99ea510166d50a3f9eefa89409aa3,"background,chicken,cow,dog,elephant,frog",5,1778.060796287566
1bcb60a8660958df40955cf0344211bc,"background,chicken,cow,dog,elephant,horse",5,1784.4790169468165
0ccbb5ab32a7d26e669a6511d08ed9ae,"background,chicken,cow,dog,elephant,lion",5,1704.052082970357
a7d182577d54754513d4065ca498eeaa,"background,chicken,cow,dog,elephant,monkey",5,1830.4550539174643
fad9c33b1c19444075b285b32125b655,"background,chicken,cow,dog,elephant,sheep",5,1974.6937287222959
48d9eab4f26b7188eb9dfe34830d2f6c,"background,chicken,cow,dog,frog,horse",5,1853.7618190061487
2cea9aae027d8cf7c7f4b7401159e2fd,"background,chicken,cow,dog,frog,lion",5,1746.3018430030666
e50dff808e36297d8724f5a8bc081bc3,"background,chicken,cow,dog,frog,monkey",5,1880.2018327860953
57d1f47b82d9bf47f4a0fd89ada2826c,"background,chicken,cow,dog,frog,sheep",5,2039.4247575250636
f01dae80afee133fcf535feda8042c6b,"background,chicken,cow,dog,horse,lion",5,1766.5795679304902
440c31e1cc4b5e64b0b8a77d388001a4,"background,chicken,cow,dog,horse,monkey",5,1914.7011874232626
dcd79d682373f758003d85c743b656ab,"background,chicken,cow,dog,horse,sheep",5,2014.1299303411768
c13dff27784ac3c9e835c592dd5a47d7,"background,chicken,cow,dog,lion,monkey",5,1795.4143058092727
3a77be74d486c885e5724d75ed81824e,"background,chicken,cow,dog,lion,sheep",5,1975.2400378319176
2f432695a797cf9ce1743c28826412be,"background,chicken,cow,dog,monkey,sheep",5,2089.932592611621
099907336f05962a3f1b5621e97adba8,"background,chicken,cow,donkey,elephant,frog",5,2280.0260485081926
f9a5aec9c3ac77153837c31fcb6fba2e,"background,chicken,cow,donkey,elephant,horse",5,2208.7709213979056
96fcd2f1b5bd98dcb50dd0cd650f0caa,"background,chicken,cow,donkey,elephant,lion",5,2110.448151905326
139620b0050d43537ec053bd15b04bfa,"background,chicken,cow,donkey,elephant,monkey",5,2321.329204042495
298184609705efad18f655812664db54,"background,chicken,cow,donkey,elephant,sheep",5,2338.0669294900035
d5fbaadb9056a4c0657065bb12606462,"background,chicken,cow,donkey,frog,horse",5,2336.7702383608976
7de5eed57eef5f78f8d23582a5c59941,"background,chicken,cow,donkey,frog,lion",5,2202.859679967731
0382eca8e94ecbcff819165dd1bafd97,"background,chicken,cow,donkey,frog,monkey",5,2458.210322469799
4e0c9049130593a9ead05096ddabb16c,"background,chicken,cow,donkey,frog,sheep",5,2454.280049271738
255d98422b7b76f29e33fcdddbba6c09,"background,chicken,cow,donkey,horse,lion",5,2156.3017412551953
0a12e943d57dedee6aaae5a8657e4ead,"background,chicken,cow,donkey,horse,monkey",5,2374.447530757616
903c962185cac413c443253b4a87c51c,"background,chicken,cow,donkey,horse,sheep",5,2383.7677111114544
db48211a2775167398258b72c8e95071,"background,chicken,cow,donkey,lion,monkey",5,2244.711872730648
089455cb48ccd9bfb69ae68827774460,"background,chicken,cow,donkey,lion,sheep",5,2270.847529845361
c55fbdd7811bc16595294804a733b878,"background,chicken,cow,donkey,monkey,sheep",5,2482.8328516955276
1d37f9ebf36ea55b1d3c2a14fdedf4f2,"background,chicken,cow,elephant,frog,horse",5,1875.400867222275
97e51b933c96ee2ddd6bdfb3d7da6086,"background,chicken,cow,elephant,frog,lion",5,1781.1824055878394
d30593b28f63fbe1f535418e987a3efb,"background,chicken,cow,elephant,frog,monkey",5,1994.616404581575
588d0ec6a00c6cf13fd6dec111e5bf5f,"background,chicken,cow,elephant,frog,sheep",5,2158.4465848979744
b0f9570692a4ab1ed8571a41118146f1,"background,chicken,cow,elephant,horse,lion",5,1751.619781742406
3086f3aded75ddc4e3ab10baa2c0de54,"background,chicken,cow,elephant,horse,monkey",5,1967.0737932340942
2218dbd6cc7ad46255d3be0626fc7875,"background,chicken,cow,elephant,horse,sheep",5,2100.6549291075394
605b731cda10bee3c45ba5755a5646e4,"background,chicken,cow,elephant,lion,monkey",5,1868.2211030002074
84725d4d5833f98d6bf230891319fa37,"background,chicken,cow,elephant,lion,sheep",5,2051.4792488951334
6c107577894cf1bfd37e5a614249f36e,"background,chicken,cow,elephant,monkey,sheep",5,2206.5988205916788
9141eca6ffd37ca6a596b86814b5ff78,"background,chicken,cow,frog,horse,lion",5,1849.2584909211419
9041a27b473d4655ea706b740eee025d,"background,chicken,cow,frog,horse,monkey",5,2080.78163840848
16a31dc430d1a66cf5e308a78708ead1,"background,chicken,cow,frog,horse,sheep",5,2198.004468634723
8bba47ce1339b23140c10ed181314530,"background,chicken,cow,frog,lion,monkey",5,1937.5686116381592
c2684c4888131146a87a5d6a61e8d999,"background,chicken,cow,frog,lion,sheep",5,2134.2869162198263
33c0c5e59468cece3abf63fd65478085,"background,chicken,cow,frog,monkey,sheep",5,2328.0022524161727
dd2c7a9e7ad41d187abc68efe506694f,"background,chicken,cow,horse,lion,monkey",5,1928.4949283225103
343aa2b1d9bb147b07133b0dc20a1b48,"background,chicken,cow,horse,lion,sheep",5,2080.819736082847
a3ea2fb0e6048844beadde84d578935d,"background,chicken,cow,horse,monkey,sheep",5,2252.7261490970122
e9f6f2313df8b7ccbc4ad25102e97f69,"background,chicken,cow,lion,monkey,sheep",5,2170.634581367981
7764a337cb64f315557adbe4f40f999a,"background,chicken,dog,donkey,elephant,frog",5,2154.9995217063174
93d99a6dd146be13984090e2774d8f9a,"background,chicken,dog,donkey,elephant,horse",5,2118.0961935980777
41a385b21ea0cd2f3448080ea7bbe78d,"background,chicken,dog,donkey,elephant,lion",5,2034.3871946770741
8617b7137c538b0e1c983df185066d37,"background,chicken,dog,donkey,elephant,monkey",5,2174.6721584821576
254d71db50fe89eb60c8849a6bbb00d3,"background,chicken,dog,donkey,elephant,sheep",5,2196.054524778556
7a5edf109ab397c881d2f56ecde775e3,"background,chicken,dog,donkey,frog,horse",5,2224.824455021421
2e15a5e75794fbdbcb4af64fbdb3920d,"background,chicken,dog,donkey,frog,lion",5,2110.277767383682
9fdfe55c5676b049eea4d16eea9c7b1b,"background,chicken,dog,donkey,frog,monkey",5,2298.441596072361
9dce1ec077ca2a2d43bd9dad83e8e157,"background,chicken,dog,donkey,frog,sheep",5,2291.521636641962
8ac94b5d9ec8e1bfddc88d1471d84cb6,"background,chicken,dog,donkey,horse,lion",5,2078.2228636368945
6cfdf288e2db0cd9d9bf1984c74a98d7,"background,chicken,dog,donkey,horse,monkey",5,2250.2714009813426
e6b8c0a5832d17700cb46380d44b42d6,"background,chicken,dog,donkey,horse,sheep",5,2254.8726216070268
c8bbb50729d39e38ac8ecc502995d573,"background,chicken,dog,donkey,lion,monkey",5,2131.8225399099097
b01ec99e93da3453aa65fc0b0b782a61,"background,chicken,dog,donkey,lion,sheep",5,2152.2926689716037
7a025ffb16a86d9425336fcd64ecab94,"background,chicken,dog,donkey,monkey,sheep",5,2314.3485938368053
a83ce8c578690c1ac0d704b2974445fc,"background,chicken,dog,elephant,frog,horse",5,1877.9999236885337
b8dfebad3616181d16c63d9d512a36ee,"background,chicken,dog,elephant,frog,lion",5,1793.239853734642
bd9d0916f2351f7f9588928ccba10b38,"background,chicken,dog,elephant,frog,monkey",5,1926.1732211974522
df460283c853e822384d6a429cab47ce,"background,chicken,dog,elephant,frog,sheep",5,2059.5510280087224
471f88a8f6f150910a336ab6f18d1d5f,"background,chicken,dog,elephant,horse,lion",5,1789.0583119318733
3f6e7126ffa5cef609f5a4a1988faf0a,"background,chicken,dog,elephant,horse,monkey",5,1927.810418137615
7c2c41aee076ebcb956f42df255a0e13,"background,chicken,dog,elephant,horse,sheep",5,2028.5362025703628
a699b0814f53291cc4e732d4689f7d86,"background,chicken,dog,elephant,lion,monkey",5,1832.2742110097215
552729cdc9bda429e16a6498507f673a,"background,chicken,dog,elephant,lion,sheep",5,1982.6484001628985
d8ea0d82b40f839f897c1668ec05cab6,"background,chicken,dog,elephant,monkey,sheep",5,2093.9628654970147
17c2d62fe648fe390c004d3a3f8cc9c3,"background,chicken,dog,frog,horse,lion",5,1866.886883082893
70c1215bf20d0ab50703ce4b456afd0a,"background,chicken,dog,frog,horse,monkey",5,2020.4762470726905
f73b5178f5d2e2246f630c4bcfd8122a,"background,chicken,dog,frog,horse,sheep",5,2103.805694849764
1c53eb8217c1e6c7e80b322bd5c262ba,"background,chicken,dog,frog,lion,monkey",5,1890.6992105408794
f709f6c1c870654d4734f3e87d2b4624,"background,chicken,dog,frog,lion,sheep",5,2051.9841264693537
62c958431efb0076ec7ba9d382ee0593,"background,chicken,dog,frog,monkey,sheep",5,2193.732611564334
18449767ff1fdb7ed9b7531da300b06d,"background,chicken,dog,horse,lion,monkey",5,1905.0476761112625
8574c084bc231ba07d557de03a5a25ac,"background,chicken,dog,horse,lion,sheep",5,2016.9603478610675
a408755336685f904bd1629d48c3da15,"background,chicken,dog,horse,monkey,sheep",5,2152.8812278217815
036684c9649ef02f9663c7a5ae5bcfd1,"background,chicken,dog,lion,monkey,sheep",5,2077.3636195238923
e712dce4e8cdffdc2bd0eba8f909606b,"background,chicken,donkey,elephant,frog,horse",5,2313.8095240483826
31d8ade4fa806e19a23ec1b488d70547,"background,chicken,donkey,elephant,frog,lion",5,2203.3082332906283
cd57673e46fa906cdaf8ee6d5452b718,"background,chicken,donkey,elephant,frog,monkey",5,2421.9443313770266
c3c2819076890d394b2264c9fb580806,"background,chicken,donkey,elephant,frog,sheep",5,2425.6162133903836
2e89fe663220ecff29e57b22aa8f7be3,"background,chicken,donkey,elephant,horse,lion",5,2153.119547779251
377ea46dbdb9edc1895f1abd418398ae,"background,chicken,donkey,elephant,horse,monkey",5,2347.460307777943
ac93bef6fd0e58ebc392c226377eda32,"background,chicken,donkey,elephant,horse,sheep",5,2363.5478685088406
c49e011f6100a917d56842c88994f249,"background,chicken,donkey,elephant,lion,monkey",5,2242.8550914110187
9d6d7550a783b0a85a105d7b493b8315,"background,chicken,donkey,elephant,lion,sheep",5,2263.1630312582247
ca0c0b4c59cd018f7621eb3fa08f827f,"background,chicken,donkey,elephant,monkey,sheep",5,2445.4620657467217
612185baade676fc24a73752f6cd90c7,"background,chicken,donkey,frog,horse,lion",5,2263.6923541134606
e0cea0fcbc92b632b0c02a52ffb5b95d,"background,chicken,donkey,frog,horse,monkey",5,2493.053553164907
455b731639f6c1579bd978c3a1fe75a1,"background,chicken,donkey,frog,horse,sheep",5,2481.5115660652245
4912dce683a9c4fe68d68e3f0e731524,"background,chicken,donkey,frog,lion,monkey",5,2343.551182824404
52a25db599cc1234e9af45ddb095f405,"background,chicken,donkey,frog,lion,sheep",5,2346.7351590132985
d5bbd64d578641bba41682a57ada1f31,"background,chicken,donkey,frog,monkey,sheep",5,2590.4277503196354
7117b0124edcfe0e8283aee89d00f145,"background,chicken,donkey,horse,lion,monkey",5,2298.892201040013
c6a5fa5742c44322ab3dc2ac3472dd00,"background,chicken,donkey,horse,lion,sheep",5,2306.7603997734423
401336d8d120bea73d04707aedf272a4,"background,chicken,donkey,horse,monkey,sheep",5,2509.2474316043226
07c606903ef57b0b9e56aa0f6673f378,"background,chicken,donkey,lion,monkey,sheep",5,2373.959788517
983e662ccd91a01eb39332c3e5033f9c,"background,chicken,elephant,frog,horse,lion",5,1865.5796969523115
bcaf6a64b081fab0cacba4f0680d1d62,"background,chicken,elephant,frog,horse,monkey",5,2078.502814180492
651abcf5908b9cdb756b88619a125b8e,"background,chicken,elephant,frog,horse,sheep",5,2197.5672849651096
0bb4fb206553cdccba34902961abdf9e,"background,chicken,elephant,frog,lion,monkey",5,1966.725917941443
5e98a2bb1a44b0447bbaf187c05ff2d3,"background,chicken,elephant,frog,lion,sheep",5,2135.1770629686935
d6373c5d0c5cee556c805f8d24cf2f3c,"background,chicken,elephant,frog,monkey,sheep",5,2307.090407340237
ea2475bf33c8f088b6709ad8db05aaed,"background,chicken,elephant,horse,lion,monkey",5,1940.2236821173167
3305281f9db26d0344e579f539c8c18c,"background,chicken,elephant,horse,lion,sheep",5,2085.696952153323
0d112ec9c35772fce2ef400a8f7c3e30,"background,chicken,elephant,horse,monkey,sheep",5,2242.252330870738
b5b55e90c7fb4466ad848c7d80cf5a70,"background,chicken,elephant,lion,monkey,sheep",5,2166.0234546566517
716766e965c5a06b1f6aa1931741c1ba,"background,chicken,frog,horse,lion,monkey",5,2043.7056863121566
13a0783e3657d4bfda090e7d435e2db6,"background,chicken,frog,horse,lion,sheep",5,2174.7986614244815
c157141c2286e446a712a0aa96addb3e,"background,chicken,frog,horse,monkey,sheep",5,2362.6278030602884
98d0e561c28ba13004db32839dac340f,"background,chicken,frog,lion,monkey,sheep",5,2260.4789177532684
20fbfe24607667b73a6ce74b2757c13d,"background,chicken,horse,lion,monkey,sheep",5,2206.811619245385
f4bda70ad48bc3800b425cab02ed1173,"background,cow,dog,donkey,elephant,frog",5,2112.9877519400948
78c5dad0410912127d727332ff2e76b5,"background,cow,dog,donkey,elephant,horse",5,2071.970111185078
9043374ef99796841e3e8e17426e59a0,"background,cow,dog,donkey,elephant,lion",5,1997.511683958993
c5327384de358f5e2d61fd2d50271632,"background,cow,dog,donkey,elephant,monkey",5,2129.384366310285
cf40f3a8f7740f25ade02f1d9870b0c1,"background,cow,dog,donkey,elephant,sheep",5,2151.889690525241
e1e530a30a5bb86fe34cd130775708fd,"background,cow,dog,donkey,frog,horse",5,2173.2133918303516
52d3e4f758c3dd1d0322b2b4428a1233,"background,cow,dog,donkey,frog,lion",5,2069.4501353222226
81106ef362f86be3493743a9673bdf1d,"background,cow,dog,donkey,frog,monkey",5,2237.774277927665
ecf67a793929f015c31b025fb614bafe,"background,cow,dog,donkey,frog,sheep",5,2244.0882146500267
be92bca0a70c731242a76a6d921b1433,"background,cow,dog,donkey,horse,lion",5,2034.7738167638474
91f7a0bcae42a44142781da4d08586d4,"background,cow,dog,donkey,horse,monkey",5,2192.223008848043
315d12266019259e788972bcb6e3230b,"background,cow,dog,donkey,horse,sheep",5,2204.12216161539
c84f9aa6a20eff80c4f7300539a388ea,"background,cow,dog,donkey,lion,monkey",5,2087.2973344634092
d274291316a4b08ca6f3cf6b4c09680b,"background,cow,dog,donkey,lion,sheep",5,2118.1966060387517
e9e57f708e772285fcf9805421a62760,"background,cow,dog,donkey,monkey,sheep",5,2255.755517688646
f97225e85258a3d2956494403adb8b25,"background,cow,dog,elephant,frog,horse",5,1811.6506484356619
e12e5cca1bb8419ebb9bf5f0b536bdb4,"background,cow,dog,elephant,frog,lion",5,1734.5040182057276
83cd511f4288e9bb5b8137c25d916158,"background,cow,dog,elephant,frog,monkey",5,1854.2440586794464
e13d6b3216fab6854276af969ff7ab2f,"background,cow,dog,elephant,frog,sheep",5,2000.9164544419687
00c9aeeb7b3b1b30b09de78cb39bec43,"background,cow,dog,elephant,horse,lion",5,1727.566106941349
685924510157abb61e4e7c5e8b14254e,"background,cow,dog,elephant,horse,monkey",5,1855.2630553507759
8a113f13275c6b231cdb2a9d78c78caa,"background,cow,dog,elephant,horse,sheep",5,1965.05058812064
24d30343e4c47a1fb15619dad769b527,"background,cow,dog,elephant,lion,monkey",5,1772.281100838328
89a057a6c831ee017141a5e8249c91e4,"background,cow,dog,elephant,lion,sheep",5,1931.193828675769
601b89518856bcfae0a3f754d02e136b,"background,cow,dog,elephant,monkey,sheep",5,2029.0602978731781
ad8822b7e8f180ea53b88cadb41632e1,"background,cow,dog,frog,horse,lion",5,1794.3326506868618
37df355fa4ad95727bdbd2c509d83582,"background,cow,dog,frog,horse,monkey",5,1934.638885286992
4cb17891d01d6ac1974c9b270e5d4b43,"background,cow,dog,frog,horse,sheep",5,2034.03768562394
9de81e53770f720b6a4c18d872b7e4e4,"background,cow,dog,frog,lion,monkey",5,1809.6817414909503
5bab1012e19dba722c629509253cf8d2,"background,cow,dog,frog,lion,sheep",5,1992.5413801162738
e79da57ef413a4ab15cc40029a60dbee,"background,cow,dog,frog,monkey,sheep",5,2113.9307646822626
f19a2b1ff6f3ae905066feccc8773754,"background,cow,dog,horse,lion,monkey",5,1824.2002809209998
e72e30739309b31909a5894cd3da7d18,"background,cow,dog,horse,lion,sheep",5,1953.6938319536864
98e70d0150a259c7e1a550eda10bac63,"background,cow,dog,horse,monkey,sheep",5,2072.9667087180574
628c15c3b96750e4804a174ebc9cc1b5,"background,cow,dog,lion,monkey,sheep",5,2014.7122183241406
62a0acb5191d11c542ee32a5305a7afb,"background,cow,donkey,elephant,frog,horse",5,2265.6199648165766
78f4abf11e046b7e88365b58a66952d3,"background,cow,donkey,elephant,frog,lion",5,2164.4901464477634
40519e76315cc2d12333fdf6a1469bf6,"background,cow,donkey,elephant,frog,monkey",5,2373.388774481988
4ffb7662176534527bf6c939cfedd0a8,"background,cow,donkey,elephant,frog,sheep",5,2385.939190301597
b8adb59ddcbec87dca9acda1054090df,"background,cow,donkey,elephant,horse,lion",5,2112.9453401978008
97a01739acb65333ded9100a227aa4c7,"background,cow,donkey,elephant,horse,monkey",5,2296.6365070263214
412a24af3933d77b83d525ab52b9d2e4,"background,cow,donkey,elephant,horse,sheep",5,2320.483367878294
c8a1efa25748c62eef64f3ece20c9651,"background,cow,donkey,elephant,lion,monkey",5,2205.307336269685
fcc3056e36cfca01a5b96eb23998f64a,"background,cow,donkey,elephant,lion,sheep",5,2232.751009456176
f8800042ee93bc4d0777de3eea06f0ad,"background,cow,donkey,elephant,monkey,sheep",5,2402.830401810944
15f13ce3a5f6371f8d437d6ea58bf46b,"background,cow,donkey,frog,horse,lion",5,2227.48976331058
98d02ce00e6faee0fa1c6a9cf4af47f9,"background,cow,donkey,frog,horse,monkey",5,2442.6856544258044
069631810170baf87a6c322fe4afd3a7,"background,cow,donkey,frog,horse,sheep",5,2446.4553968370274
f988809f994c88947800a12562e36708,"background,cow,donkey,frog,lion,monkey",5,2312.3925985417077
d259c6594c578ea50fe37be68b279b2c,"background,cow,donkey,frog,lion,sheep",5,2329.4554885989023
e4711934298eb799769f38189f6157f5,"background,cow,donkey,frog,monkey,sheep",5,2546.219733996728
00b82d8fe7e33c40baca37f9902ffef0,"background,cow,donkey,horse,lion,monkey",5,2259.474301328334
ee0f0ce66e759dab8095e6c65b76c2f0,"background,cow,donkey,horse,lion,sheep",5,2286.479171209384
d46edb16cc0455da9c000ab61e5fe891,"background,cow,donkey,horse,monkey,sheep",5,2469.8722649723754
9e728b08b929f42f0313395f62d5dab6,"background,cow,donkey,lion,monkey,sheep",5,2351.3363013285784
8a2776d982ecbaa6317c178dfc9dfeec,"background,cow,elephant,frog,horse,lion",5,1776.260399299683
8540c7e115cd3d43c04f712332a681f8,"background,cow,elephant,frog,horse,monkey",5,1979.6872346347736
ac202797afcae23c7d83583a8817f13e,"background,cow,elephant,frog,horse,sheep",5,2126.085350800254
499a50809e88c3fc9289b00f730ffe85,"background,cow,elephant,frog,lion,monkey",5,1880.979432891523
c7d432f1c52cb1a0a8e916f9b8b1a22e,"background,cow,elephant,frog,lion,sheep",5,2075.653219648098
9291db28ade950ffedafd92d1aa74fbf,"background,cow,elephant,frog,monkey,sheep",5,2234.841456559414
0c8c84b8c6e5dd09168038de0300b7ce,"background,cow,elephant,horse,lion,monkey",5,1849.2905863986327
d248feeabff4603d94d9f7f56d280787,"background,cow,elephant,horse,lion,sheep",5,2019.1773241418143
1e355a52e07e22d48b78e6856c78d93f,"background,cow,elephant,horse,monkey,sheep",5,2165.1326783728805
553f1cdce2ad7a16878610a6170b164a,"background,cow,elephant,lion,monkey,sheep",5,2104.107930806165
6e212bbd8494de3bd46935b0db102bcf,"background,cow,frog,horse,lion,monkey",5,1934.9264330371898
91282635003358490930427d08ed8196,"background,cow,frog,horse,lion,sheep",5,2109.188204633799
7dbe1353121f89eed0dd680ea45a76bc,"background,cow,frog,horse,monkey,sheep",5,2281.998951986425
7912ac8c3a0fd84acae807140ba7be12,"background,cow,frog,lion,monkey,sheep",5,2198.8441879966717
7cb58c3c3249ad4e6f97a14d9d78d45c,"background,cow,horse,lion,monkey,sheep",5,2135.624799371852
60afb522bb03307864fc4d17ab554b16,"background,dog,donkey,elephant,frog,horse",5,2163.6697142919165
c4db008dc6f35c550325b2a265feefe2,"background,dog,donkey,elephant,frog,lion",5,2078.520636985199
1345458404ebf9daec9869a1f12ffe39,"background,dog,donkey,elephant,frog,monkey",5,2219.170427838254
8a99bcfe4ecd92fa270427fe84655143,"background,dog,donkey,elephant,frog,sheep",5,2232.282321618609
f07767059a61743d7832e9822c782ab8,"background,dog,donkey,elephant,horse,lion",5,2042.219198168822
3c729afc719fb5a5c39a6c7b6aab9e15,"background,dog,donkey,elephant,horse,monkey",5,2176.672408397215
8fdf196f8b1d8b011d4527cde2d1fc35,"background,dog,donkey,elephant,horse,sheep",5,2195.3130016071486
68f0aee42b3cdd1ad7a01a97f59482cb,"background,dog,donkey,elephant,lion,monkey",5,2096.566353120035
e3c14f3ccdbb374caaaae7cc640a25ac,"background,dog,donkey,elephant,lion,sheep",5,2119.4169444444938
54e3a724317ed44c49c78ee3120f0896,"background,dog,donkey,elephant,monkey,sheep",5,2242.269318303065
fbb4b280b82a1ce7b7064a391fe8db87,"background,dog,donkey,frog,horse,lion",5,2126.986936337848
eadde2b32a30b1c8ebdbb82ee278ba1e,"background,dog,donkey,frog,horse,monkey",5,2291.996564212489
793c1621e08d421568a8faf1025a4012,"background,dog,donkey,frog,horse,sheep",5,2290.7315331484797
01cd8e5a30a7f284731952dc3dff048f,"background,dog,donkey,frog,lion,monkey",5,2175.629663686188
57b6748c37929009b83a067e4c609150,"background,dog,donkey,frog,lion,sheep",5,2191.3517061361626
338a7c4a3f1259a429a12a47bf8ca849,"background,dog,donkey,frog,monkey,sheep",5,2354.4576226934205
349bb296c1f75f30b04499dca9a663ee,"background,dog,donkey,horse,lion,monkey",5,2140.230816852347
3d5dce2430e2421cbd45fcd2f9cfbbec,"background,dog,donkey,horse,lion,sheep",5,2153.7884040446265
bb3802ec7b1e7e2a51119eec8f673596,"background,dog,donkey,horse,monkey,sheep",5,2305.8583544305216
9226b4ac8f0bd58880bfbb6afdce881c,"background,dog,donkey,lion,monkey,sheep",5,2199.5291818556393
672a0624dde9789f2040201442d76b96,"background,dog,elephant,frog,horse,lion",5,1814.5715717433798
d84c2a454f9b67de6b598ee241eaa4e0,"background,dog,elephant,frog,horse,monkey",5,1944.9256029210246
a6e9a4c887628cdb3696bc942de7b8ed,"background,dog,elephant,frog,horse,sheep",5,2049.967976818411
aeadf54b7e47214ea4680f86fa3ab09c,"background,dog,elephant,frog,lion,monkey",5,1850.2347660086932
de7af355513edb63486af435e959276d,"background,dog,elephant,frog,lion,sheep",5,2005.8778761127787
ffd6b2b45ea4cf2ac4e03c735485c149,"background,dog,elephant,frog,monkey,sheep",5,2116.4217225541984
6b2c2399301c513c20b7f93150362712,"background,dog,elephant,horse,lion,monkey",5,1843.6514378062732
66eed2a9bfe80af1e2e973b400f37a83,"background,dog,elephant,horse,lion,sheep",5,1968.2725332659058
d98ad0e132d4312fc517ae8de08cc42c,"background,dog,elephant,horse,monkey,sheep",5,2080.0918185378555
b5d3dc13bc2c735d8bdc11ff74f3f520,"background,dog,elephant,lion,monkey,sheep",5,2022.2973469705626
e4e1d723c4bf051ec819baef200d1817,"background,dog,frog,horse,lion,monkey",5,1918.5665943015038
a040c75f0a81af59394e7d81c4187fc0,"background,dog,frog,horse,lion,sheep",5,2035.5914574729013
a6a268938525dbf8d6c2877cd2aa124a,"background,dog,frog,horse,monkey,sheep",5,2168.9533958716074
f1cac44512366fa78c8b5c3da1dd1c60,"background,dog,frog,lion,monkey,sheep",5,2096.460142234946
12123ed16b9f1f13eaee6cb8f7c6cc39,"background,dog,horse,lion,monkey,sheep",5,2050.7560988469145
8b4f71e96f1147f311515626e7562489,"background,donkey,elephant,frog,horse,lion",5,2226.2404276107914
2d726f7f6549b7a23130d1e1071a40fa,"background,donkey,elephant,frog,horse,monkey",5,2413.93304864643
666b1129ae4922c876745c022b507789,"background,donkey,elephant,frog,horse,sheep",5,2420.6300606505774
65e2ccc8aa7067f1dc6f2c1d7231d7be,"background,donkey,elephant,frog,lion,monkey",5,2307.314698337958
4fc79d4969a4d9593b8913d0b3b11437,"background,donkey,elephant,frog,lion,sheep",5,2317.6708643420175
139f3da61d6ce4613e3136b9434f3bd5,"background,donkey,elephant,frog,monkey,sheep",5,2504.7788390456435
6411c4f32188bd7064d011314b946c46,"background,donkey,elephant,horse,lion,monkey",5,2255.3414757867045
cadcad824079a80de6b6c9fde2899e42,"background,donkey,elephant,horse,lion,sheep",5,2273.845408089313
8892a0f025e3641ba4bcb4212710728f,"background,donkey,elephant,horse,monkey,sheep",5,2435.607001604829
52d5371877f0e266e64d2de8962b1051,"background,donkey,elephant,lion,monkey,sheep",5,2335.9201402105073
d2572e6ec6ae2278ba84d777249fe896,"background,donkey,frog,horse,lion,monkey",5,2382.463370836362
f470c696affe82560c4e1f0edf89cf18,"background,donkey,frog,horse,lion,sheep",5,2375.17571933104
ed5cb48dbc48f5ce27ac73fe266331d8,"background,donkey,frog,horse,monkey,sheep",5,2579.5543404189543
623ec05a2925f8619ab09dd9e9a212c7,"background,donkey,frog,lion,monkey,sheep",5,2443.5431551956653
273d81b9771b4ff1d2535675ef185a44,"background,donkey,horse,lion,monkey,sheep",5,2394.7029554102073
29dfc356fb69391c1675d2bbb06f45d0,"background,elephant,frog,horse,lion,monkey",5,1945.5806906177083
b613ba7b08417c06153fc894fbb78a49,"background,elephant,frog,horse,lion,sheep",5,2118.3738062448006
d42018526a9ca18b75265a97c5f8edd9,"background,elephant,frog,horse,monkey,sheep",5,2272.5170293146657
e4631e461b59b80374a4988d115f4821,"background,elephant,frog,lion,monkey,sheep",5,2196.6543365148036
e95d94dc74b0bd807ec1ee5f776075f5,"background,elephant,horse,lion,monkey,sheep",5,2141.559318420931
d93b5441d419100c4fb79d4b68e92006,"background,frog,horse,lion,monkey,sheep",5,2238.716384326645
2a31ae2570cae0526a459dffe46e9cc3,"background,chicken,cow,dog,donkey,elephant,frog",6,2125.6679702489064
3f1b55a65aafad519c3d39857389baf2,"background,chicken,cow,dog,donkey,elephant,horse",6,2089.4097117332526
24c4d35f83230bc3c9023eb1a2d4efde,"background,chicken,cow,dog,donkey,elephant,lion",6,2013.5266052642194
addd67519d452d115d506f98cd62d334,"background,chicken,cow,dog,donkey,elephant,monkey",6,2143.8049935800655
682e1bb3e1b46b419d2d8c57bde40101,"background,chicken,cow,dog,donkey,elephant,sheep",6,2166.8691948822584
b8d9ba1bc9298b2f15d6ee0db1fd39e8,"background,chicken,cow,dog,donkey,frog,horse",6,2185.1810485000606
543f81f10bb140599695f79a4323e90d,"background,chicken,cow,dog,donkey,frog,lion",6,2085.829927520319
4b8ff216b5b3a71548f8b616855adff1,"background,chicken,cow,dog,donkey,frog,monkey",6,2247.650875107219
bc0e19c8e5b206aa4b24a26047a72ca1,"background,chicken,cow,dog,donkey,frog,sheep",6,2253.029590341729
9a2aa56d7451b0b43af56b2a0f9db030,"background,chicken,cow,dog,donkey,horse,lion",6,2051.331918861935
844f80c46c22bf45d7c81ea0094e3a2d,"background,chicken,cow,dog,donkey,horse,monkey",6,2204.725298290323
f544ca0873ae0c54bbdf83e10c90321d,"background,chicken,cow,dog,donkey,horse,sheep",6,2216.7824900537335
dc07ebfce2253e5a232fc6435e2f03d2,"background,chicken,cow,dog,donkey,lion,monkey",6,2104.338438255441
68c3402e4de04a286c9580538f5da015,"background,chicken,cow,dog,donkey,lion,sheep",6,2133.900577440384
ab8294f869c55fc360bb8ead59d38540,"background,chicken,cow,dog,donkey,monkey,sheep",6,2269.023203947534
654389e0ef70d8aa952482e00ca57773,"background,chicken,cow,dog,elephant,frog,horse",6,1855.796374306601
9d975066472b7e6e5f37c22d1e2facef,"background,chicken,cow,dog,elephant,frog,lion",6,1779.9636941129775
084585a10f2494f015cb9f07ec516189,"background,chicken,cow,dog,elephant,frog,monkey",6,1896.5554726566174
b1b40bf1218cc91e36859e02271f9ad2,"background,chicken,cow,dog,elephant,frog,sheep",6,2032.4501029807545
17639b81bcc6d6b3937bf57badd1191e,"background,chicken,cow,dog,elephant,horse,lion",6,1774.401212881591
e6dffc956855c8078c6270e5f14e1ed7,"background,chicken,cow,dog,elephant,horse,monkey",6,1897.8977556593322
3a8e76f96c1fcb63c2dec4e86fd7f996,"background,chicken,cow,dog,elephant,horse,sheep",6,2000.6076741396516
a633c418e460e4895863ae3f1e628108,"background,chicken,cow,dog,elephant,lion,monkey",6,1814.8215206178268
c127387272c53c891529809d62f26c69,"background,chicken,cow,dog,elephant,lion,sheep",6,1966.4966592710264
33c5fb766bcc66431c3a9298b9d876a3,"background,chicken,cow,dog,elephant,monkey,sheep",6,2062.5122046978513
85071b5234137c85f985773f237ebf2f,"background,chicken,cow,dog,frog,horse,lion",6,1842.4690436353335
33fc2830e4ab66711ab6635be1ebb4d5,"background,chicken,cow,dog,frog,horse,monkey",6,1979.4234600623438
1e702238f042090803f13b8ebe93bc37,"background,chicken,cow,dog,frog,horse,sheep",6,2068.438892752489
b7c019b57bc29e7f2c353320891e84f8,"background,chicken,cow,dog,frog,lion,monkey",6,1865.0185914958724
e0bc8b708fd34c3b52b292b2d6b34231,"background,chicken,cow,dog,frog,lion,sheep",6,2030.2805594289346
0fa9a737cf1504ad7a1565cb143eb76d,"background,chicken,cow,dog,frog,monkey,sheep",6,2145.73556245325
4103aff12b6dcdd41403b7bd2d6a4b18,"background,chicken,cow,dog,horse,lion,monkey",6,1874.681206742359
90cd1e82ce4339275d1be057b79e73a1,"background,chicken,cow,dog,horse,lion,sheep",6,1991.8553437910505
3174eb7c0f40a67f5768ac9aaf8128f6,"background,chicken,cow,dog,horse,monkey,sheep",6,2108.373176641108
e49965373ad2b73d7e25ac5f49102ef4,"background,chicken,cow,dog,lion,monkey,sheep",6,2052.2516274025857
2a2bfde04423118e5d4e0ba956875b9d,"background,chicken,cow,donkey,elephant,frog,horse",6,2265.73111381528
963cc12b9c82ba78083d604331a69e64,"background,chicken,cow,donkey,elephant,frog,lion",6,2164.6544537526524
88049e5b39bf2fbbf44fc351ceafceb8,"background,chicken,cow,donkey,elephant,frog,monkey",6,2369.371174365546
36199eb48df19abf9310cd81af7ccee4,"background,chicken,cow,donkey,elephant,frog,sheep",6,2380.868604893562
de128053314fef8116a5805c3cd56ea9,"background,chicken,cow,donkey,elephant,horse,lion",6,2114.62579937775
52b2caa6034608072abc26301f79a2b8,"background,chicken,cow,donkey,elephant,horse,monkey",6,2295.589496952613
8ecb64ba69c9af7814887ecf4eabc315,"background,chicken,cow,donkey,elephant,horse,sheep",6,2319.7837677163316
d1c16d6dd3f6e82d54a3a3b1d7abf342,"background,chicken,cow,donkey,elephant,lion,monkey",6,2204.0173217566885
74ec2565f07ce343a0ec076c92e92d49,"background,chicken,cow,donkey,elephant,lion,sheep",6,2230.61128854572
e8f16102c8ed653ff2ce51b5bbe7679f,"background,chicken,cow,donkey,elephant,monkey,sheep",6,2397.218641984643
13cadc878aa8f1b2c56db0199105f989,"background,chicken,cow,donkey,frog,horse,lion",6,2210.3438917686294
326f4d67e989e2e492a1d941d392db31,"background,chicken,cow,donkey,frog,horse,monkey",6,2420.4778371856605
e54db3f5abbddbbcd8ec090e900f1ae6,"background,chicken,cow,donkey,frog,horse,sheep",6,2423.3134929167386
778d0b5ff5596a3845c02c5b18fb091e,"background,chicken,cow,donkey,frog,lion,monkey",6,2290.739926145195
cecd73ee54ae5ad4929a4bbc39ad6cb7,"background,chicken,cow,donkey,frog,lion,sheep",6,2310.3924996446276
d092411252b0bef1d9ead78d12385472,"background,chicken,cow,donkey,frog,monkey,sheep",6,2519.6330389723234
8d51cf18f4e0094d8a2c13ef1e8a96e0,"background,chicken,cow,donkey,horse,lion,monkey",6,2239.6974851378995
3c3ed0a302397d8c7c3da8c957674bb5,"background,chicken,cow,donkey,horse,lion,sheep",6,2264.786640647368
7bcb4bb3a3804e0fb54d03444f40ee54,"background,chicken,cow,donkey,horse,monkey,sheep",6,2446.0740901096083
3b538dac8134d7487869785f59906023,"background,chicken,cow,donkey,lion,monkey,sheep",6,2331.07261683682
e3d1aa23bf6b3ab528941a078141a471,"background,chicken,cow,elephant,frog,horse,lion",6,1836.5763194882743
1c3afdaf3e4753e11c16bb202c06222c,"background,chicken,cow,elephant,frog,horse,monkey",6,2035.3690716459043
4e528ed748e302c508060b374b0ca55f,"background,chicken,cow,elephant,frog,horse,sheep",6,2155.8989641073867
55c48bc4d74303b0b4c61100426215ab,"background,chicken,cow,elephant,frog,lion,monkey",6,1935.6699662649485
ea7d141fc079e57cddc65bbfb740171f,"background,chicken,cow,elephant,frog,lion,sheep",6,2103.6504737264263
0da048468109db932d53a965abbdb646,"background,chicken,cow,elephant,frog,monkey,sheep",6,2258.2429793081456
5cac41d4e8d7bf205c5d5921b57d6702,"background,chicken,cow,elephant,horse,lion,monkey",6,1908.1110545159286
7add7f0b6349ea62dedb4ae0d2e6ada8,"background,chicken,cow,elephant,horse,lion,sheep",6,2053.336434168143
1feabff9a47675b1c556fd721b725c1a,"background,chicken,cow,elephant,horse,monkey,sheep",6,2193.7905659930066
3133a029ce37e796501dc089c0f70027,"background,chicken,cow,elephant,lion,monkey,sheep",6,2132.6015952912353
05403d368be826b84ae88e83e60ec6b1,"background,chicken,cow,frog,horse,lion,monkey",6,1996.2938220205776
aa0efdc88d5711ce9e338efe268ad21c,"background,chicken,cow,frog,horse,lion,sheep",6,2132.924220781692
4edd3a8bbb9f3313d44987eba14ef833,"background,chicken,cow,frog,horse,monkey,sheep",6,2297.9038427187547
f82573e0f65b8e08d0773643cd7beb70,"background,chicken,cow,frog,lion,monkey,sheep",6,2215.781171390267
943b05ecab0183aa9ba35f2650a90d85,"background,chicken,cow,horse,lion,monkey,sheep",6,2159.3080833673584
57d488be007122345a671967bc7a5dcc,"background,chicken,dog,donkey,elephant,frog,horse",6,2171.7198130390566
3741baba510fdd131c4c83a04e742a3f,"background,chicken,dog,donkey,elephant,frog,lion",6,2088.4937032047037
47cea7f9f95046c72217c7b5b47fd5e8,"background,chicken,dog,donkey,elephant,frog,monkey",6,2223.5311148547294
68de77ec7a9453807c576629f5338419,"background,chicken,dog,donkey,elephant,frog,sheep",6,2243.07915215823
f1e544a1ccd2d5380b14c2d17abeabb3,"background,chicken,dog,donkey,elephant,horse,lion",6,2053.185878117395
e825a9eba7aa455f60e190de5b2e8a87,"background,chicken,dog,donkey,elephant,horse,monkey",6,2186.566015038987
a244f8d19db3b3badffe764555376514,"background,chicken,dog,donkey,elephant,horse,sheep",6,2207.6516332742785
fd01495c8daaf835ff7f756da0ac0115,"background,chicken,dog,donkey,elephant,lion,monkey",6,2102.569043753212
252374f0d8414c1365d38efca754aafd,"background,chicken,dog,donkey,elephant,lion,sheep",6,2134.4389954467642
a60fd554f9da0b2e052b418429e9b90d,"background,chicken,dog,donkey,elephant,monkey,sheep",6,2252.633958719215
5f26b5817fcf03e7037d29b510be3a82,"background,chicken,dog,donkey,frog,horse,lion",6,2133.2874095406037
b9991f394b9a73d4718b5357e10e8679,"background,chicken,dog,donkey,frog,horse,monkey",6,2292.5576588174213
aa6426d5b99c953678b50167eaa1d737,"background,chicken,dog,donkey,frog,horse,sheep",6,2296.805246000497
49ac52b85713145c52bb13ea270df6e8,"background,chicken,dog,donkey,frog,lion,monkey",6,2181.6880077989326
be7d00da84bc614e0afc83e826ed230b,"background,chicken,dog,donkey,frog,lion,sheep",6,2198.0249293343527
574810ec4ec444d0bf41940d1e1570c1,"background,chicken,dog,donkey,frog,monkey,sheep",6,2354.3204182976247
5c7f6f132d2dd3becd618dc296a22d11,"background,chicken,dog,donkey,horse,lion,monkey",6,2149.0587107196443
716c5934518063172951ee82baf96a6a,"background,chicken,dog,donkey,horse,lion,sheep",6,2164.5002198867164
d5c34b02fda262bc10bb9599a03c3f01,"background,chicken,dog,donkey,horse,monkey,sheep",6,2310.6148894339117
9d9f4545fd887dc5c2e279d92eae9527,"background,chicken,dog,donkey,lion,monkey,sheep",6,2210.0249912501354
d31101114ecd603b95430d52bb708a33,"background,chicken,dog,elephant,frog,horse,lion",6,1858.599798726076
62f3d3f5cd7f52f5965fb4436a0778c5,"background,chicken,dog,elephant,frog,horse,monkey",6,1987.822097529775
5aa85f5733ffa028cd9fab23bcc02c15,"background,chicken,dog,elephant,frog,horse,sheep",6,2079.2550582709036
53686139cd6ba2fd1e2e678c9c8de0b0,"background,chicken,dog,elephant,frog,lion,monkey",6,1894.0303819629066
e77177ef09f273726cc962201020e393,"background,chicken,dog,elephant,frog,lion,sheep",6,2035.9208888222915
2810dff61d68384b3119bc82cc1d9c57,"background,chicken,dog,elephant,frog,monkey,sheep",6,2142.6559352182544
85388e1737399c6f455214fbccb2ffd3,"background,chicken,dog,elephant,horse,lion,monkey",6,1886.9316496459576
3185fdac8b9689650bf11d1bf802e620,"background,chicken,dog,elephant,horse,lion,sheep",6,1999.5379981381975
0875c223f839fb0226f9fcd688e3783a,"background,chicken,dog,elephant,horse,monkey,sheep",6,2109.186559976947
08cefe522db2e413b8b01a2e0a87daa8,"background,chicken,dog,elephant,lion,monkey,sheep",6,2052.9478716757517
a95f6c51ede5908fb284eedfbd0b2614,"background,chicken,dog,frog,horse,lion,monkey",6,1964.5535500276903
9033f7df0f6a3f8c92f589c4b91feb56,"background,chicken,dog,frog,horse,lion,sheep",6,2067.0661817810674
237c3f278d796b5f7b19de70b8a6b9ae,"background,chicken,dog,frog,horse,monkey,sheep",6,2195.6883241327337
1441305a4101b1f3c612d830956c12e7,"background,chicken,dog,frog,lion,monkey,sheep",6,2125.9354388595602
74da19f32cdd62bde597143f423179b6,"background,chicken,dog,horse,lion,monkey,sheep",6,2086.4513008601098
fb9bb20846e1f0de7fd7f311e678a49c,"background,chicken,donkey,elephant,frog,horse,lion",6,2208.859131460804
a45092f64d45273aa4243d7c41c5880b,"background,chicken,donkey,elephant,frog,horse,monkey",6,2391.6781457787224
bbe4e57583ac07e7a8902b4f04786c5b,"background,chicken,donkey,elephant,frog,horse,sheep",6,2402.1666924976385
f7e74cfc0a406b50c5e36fb149ed0d52,"background,chicken,donkey,elephant,frog,lion,monkey",6,2285.8815384313784
4360a5e53ef8906d84ed8261fd74e1a3,"background,chicken,donkey,elephant,frog,lion,sheep",6,2300.8586422004646
a5d769e0a9710ced4d01e77c94b24504,"background,chicken,donkey,elephant,frog,monkey,sheep",6,2483.025273072614
004b33094f1da3189780f4bc7dea396c,"background,chicken,donkey,elephant,horse,lion,monkey",6,2237.447018544356
752fd896ee21a5a9127a7973ba8b2a01,"background,chicken,donkey,elephant,horse,lion,sheep",6,2260.6048669036322
208804c38e0338dd71e00b14e7fcc1e7,"background,chicken,donkey,elephant,horse,monkey,sheep",6,2418.5430963400468
23d06169103215d32e00c2fe58b99399,"background,chicken,donkey,elephant,lion,monkey,sheep",6,2318.2322536338374
68db32cadd2bd9fb793b4ebd81a6c117,"background,chicken,donkey,frog,horse,lion,monkey",6,2337.2668660601953
8168c147b1561329ff5b510ec9fcdca7,"background,chicken,donkey,frog,horse,lion,sheep",6,2340.619079823668
f08e208438ff0b429fc29f441d4bf37e,"background,chicken,donkey,frog,horse,monkey,sheep",6,2537.071329417271
8e80f2d866ef118b3b63730dbb13d4e3,"background,chicken,donkey,frog,lion,monkey,sheep",6,2406.5182600177063
9b1a9ec88724cfb9d8268df6fbe01444,"background,chicken,donkey,horse,lion,monkey,sheep",6,2363.8889690079814
d09c9f72fba4c75c88c3f5badaca65fc,"background,chicken,elephant,frog,horse,lion,monkey",6,2003.4517025288171
1accb187a2dc2a7dd2d11a144ea50824,"background,chicken,elephant,frog,horse,lion,sheep",6,2136.2582842486045
851b11a7b844941c639b8ba692d5164b,"background,chicken,elephant,frog,horse,monkey,sheep",6,2286.8049517784916
71505cffa48e4e1e5a67c2ff7bcc5ae2,"background,chicken,elephant,frog,lion,monkey,sheep",6,2210.7709821546055
385284dcc14ca65906019d3f4434d9d8,"background,chicken,elephant,horse,lion,monkey,sheep",6,2160.6607877776214
8df6c98897196e5500f35fc3ddd1c6cf,"background,chicken,frog,horse,lion,monkey,sheep",6,2244.906316546356
430c4a07425d4f94f48c80a88ad12814,"background,cow,dog,donkey,elephant,frog,horse",6,2129.4384145381055
299af308fb6a5341ffb45c9e8c420550,"background,cow,dog,donkey,elephant,frog,lion",6,2056.339265294576
08b80ce68dfd1109cd1010748ee4fa42,"background,cow,dog,donkey,elephant,frog,monkey",6,2182.8510186384606
ed2e066e8dd228061455fcc07824345c,"background,cow,dog,donkey,elephant,frog,sheep",6,2202.4729798474145
5000067460d264eca18bceb7a590fa3c,"background,cow,dog,donkey,elephant,horse,lion",6,2018.700613626216
be89ceea435e5c91bd68a281cd2445e7,"background,cow,dog,donkey,elephant,horse,monkey",6,2142.892022994408
28dc8055f1012247e64c111d00f60325,"background,cow,dog,donkey,elephant,horse,sheep",6,2163.2106701717553
f3281f7246dd196ebda9270b0ce84dfa,"background,cow,dog,donkey,elephant,lion,monkey",6,2071.1540408980413
6ded5af59627cd290bb4de5f3993a2c3,"background,cow,dog,donkey,elephant,lion,sheep",6,2100.435102798452
af179074fe8ca66e18aaf9b0b3a22f04,"background,cow,dog,donkey,elephant,monkey,sheep",6,2209.6430053148692
e55c45c94ec2bda76250e7c4da98b264,"background,cow,dog,donkey,frog,horse,lion",6,2091.4183282912013
41e166b78dbb4b9ab96ed676581aac88,"background,cow,dog,donkey,frog,horse,monkey",6,2242.163293095979
00b736b201a777f51f853c406949a94f,"background,cow,dog,donkey,frog,horse,sheep",6,2250.7109658325917
6f2744618a1d8be2e808e731cf41dddd,"background,cow,dog,donkey,frog,lion,monkey",6,2143.2862574499186
b4f205faf7429977c1af5d515ab122fe,"background,cow,dog,donkey,frog,lion,sheep",6,2167.426647610494
78b26cab3eff33ada4c556953e8f8b6c,"background,cow,dog,donkey,frog,monkey,sheep",6,2305.555922090503
9f8ef5ff0dad33cba130d97198d57dc9,"background,cow,dog,donkey,horse,lion,monkey",6,2105.842889488241
130c8181ca295a187257c1c2c0a20fca,"background,cow,dog,donkey,horse,lion,sheep",6,2128.735209493213
cfb03bba4dc3c86da9281de0a380e474,"background,cow,dog,donkey,horse,monkey,sheep",6,2261.005087630478
94d4b27f157614731f3e99f926223f6c,"background,cow,dog,donkey,lion,monkey,sheep",6,2175.4429100369
5245532986ea1f9705095f6d5e0d7446,"background,cow,dog,elephant,frog,horse,lion",6,1799.7752100448865
d5b4bb684733dc4c51d88e7a6f71fc90,"background,cow,dog,elephant,frog,horse,monkey",6,1918.2668452673854
9d501dab0e38d526d2e6d35a4b195cc0,"background,cow,dog,elephant,frog,horse,sheep",6,2021.2759997452706
3a857ccfe5181715a35a441dc04f62b8,"background,cow,dog,elephant,frog,lion,monkey",6,1835.2934601993306
7e285d5379c331bd74a86d2730a85977,"background,cow,dog,elephant,frog,lion,sheep",6,1985.7152088161038
2e7119b3d139b472d8bc4499c1524807,"background,cow,dog,elephant,frog,monkey,sheep",6,2084.9812478972863
96cebf6ccebeb8cfbf5fe5f8f8eaf51e,"background,cow,dog,elephant,horse,lion,monkey",6,1828.2496956325715
fa3057b0e8fe46b0333d78dd92136caf,"background,cow,dog,elephant,horse,lion,sheep",6,1947.435558509803
e3b660a1dbaa83e41c56958d9b293863,"background,cow,dog,elephant,horse,monkey,sheep",6,2045.9934809590948
a33060b6cfeff153d49ce710406bccec,"background,cow,dog,elephant,lion,monkey,sheep",6,2002.5750455855389
3ac7449c1c1381d5ca6de6041950a6d3,"background,cow,dog,frog,horse,lion,monkey",6,1890.1367432734028
53c57f67457c7d45e637918f50958a88,"background,cow,dog,frog,horse,lion,sheep",6,2009.2225941261197
dc4d7344e1908c27fc5fbf33fd63c365,"background,cow,dog,frog,horse,monkey,sheep",6,2123.9863035593
cc783736a238b698c9a5035bdf7f3320,"background,cow,dog,frog,lion,monkey,sheep",6,2068.6119419933248
2f2da5277e5cc42e1708284a5a60cdf0,"background,cow,dog,horse,lion,monkey,sheep",6,2021.8358915399108
08ca04e442d5665f4aff862e81ba96d2,"background,cow,donkey,elephant,frog,horse,lion",6,2170.0638476999993
a4ccd6947c695dfaf423fe092904c20e,"background,cow,donkey,elephant,frog,horse,monkey",6,2344.1262839860674
d6801979819fa39b55bec4dea5c88123,"background,cow,donkey,elephant,frog,horse,sheep",6,2364.5985201207486
c26b51d7c0809f124eca992b65fbc716,"background,cow,donkey,elephant,frog,lion,monkey",6,2252.1342348005687
11f91d2b90b3cb88c504fa2434a89332,"background,cow,donkey,elephant,frog,lion,sheep",6,2273.0398904788217
af20dde065ebc0347ef55a8c996db301,"background,cow,donkey,elephant,frog,monkey,sheep",6,2445.8778410248055
56232c486ed84b6b2219fca896c71e6d,"background,cow,donkey,elephant,horse,lion,monkey",6,2196.401285171376
31546b5d6b2367dbf7c6a62a2a0a624e,"background,cow,donkey,elephant,horse,lion,sheep",6,2228.075982219091
ff9ebaeba3fab1308f4d98e29e6fd921,"background,cow,donkey,elephant,horse,monkey,sheep",6,2378.7657508639163
712c3f91eb0a2bbfebaaef64a49d572f,"background,cow,donkey,elephant,lion,monkey,sheep",6,2290.265872015154
1429d8a163b5f3352d4fcc5e7a2c7235,"background,cow,donkey,frog,horse,lion,monkey",6,2305.489763288616
155753510d5a2c2268003cc261891559,"background,cow,donkey,frog,horse,lion,sheep",6,2321.623906412627
23bc235492d2ed758f6012be7e64b52a,"background,cow,donkey,frog,horse,monkey,sheep",6,2502.972228589917
baba6511d942bbb39a67bc3326008a93,"background,cow,donkey,frog,lion,monkey,sheep",6,2386.4914418924586
c9f78820a97ea29988dc94a4fe5fa366,"background,cow,donkey,horse,lion,monkey,sheep",6,2338.1134381457073
3a1e252cb61157529c88c0ff49891492,"background,cow,elephant,frog,horse,lion,monkey",6,1918.1663090387751
389411bfff69f72d39d28ad846fbe38a,"background,cow,elephant,frog,horse,lion,sheep",6,2074.6913965728154
a7e15953e8d8bca28c96a55ed70dbbfb,"background,cow,elephant,frog,horse,monkey,sheep",6,2216.1362111608832
af6571eaf12742983489eb5546c83056,"background,cow,elephant,frog,lion,monkey,sheep",6,2152.5637672239086
ae9848b74794417837d4cc05ec29e3cf,"background,cow,elephant,horse,lion,monkey,sheep",6,2097.156597089623
3761da25536b5fbb7e6c5a65996d3fdc,"background,cow,frog,horse,lion,monkey,sheep",6,2181.1139915602866
c019b14bf5a17becf4a3b051ed3a2486,"background,dog,donkey,elephant,frog,horse,lion",6,2097.6097126326017
a88846db60f8cdf7fc6fe73c314b6b16,"background,dog,donkey,elephant,frog,horse,monkey",6,2225.8829441787443
303165f05223490a4f681d23bbe22702,"background,dog,donkey,elephant,frog,horse,sheep",6,2240.7561377244465
9b4194462eeb3e18bd4075d82d27d395,"background,dog,donkey,elephant,frog,lion,monkey",6,2145.461261609652
4f6b9e1b664641f04fe8dc58dbcacaf8,"background,dog,donkey,elephant,frog,lion,sheep",6,2165.0762058460928
8cab5fc252f93208ad2a165e00b07308,"background,dog,donkey,elephant,frog,monkey,sheep",6,2288.4175623744277
c6ea3198b5cf923293df2acd44bad478,"background,dog,donkey,elephant,horse,lion,monkey",6,2108.9804927208475
b9fb2495618ce561b82c21a2648110c9,"background,dog,donkey,elephant,horse,lion,sheep",6,2133.8934355673155
685c3081b26b699dc889cdb0fb614b05,"background,dog,donkey,elephant,horse,monkey,sheep",6,2249.8332810130432
cdc93e67e60025bd95ede0d3bdc798bb,"background,dog,donkey,elephant,lion,monkey,sheep",6,2172.9778776756066
887451fd6cd43880ef03ca35b0b2fd54,"background,dog,donkey,frog,horse,lion,monkey",6,2191.0669026784985
f8213f3a37c4a70431a540c7b168eae4,"background,dog,donkey,frog,horse,lion,sheep",6,2200.210012127525
c08ceb7eab0abff67917e189738b9433,"background,dog,donkey,frog,horse,monkey,sheep",6,2343.139325224258
a40c164aa7b3c0b2f11b904ec39acd82,"background,dog,donkey,frog,lion,monkey,sheep",6,2245.8733964173803
d3819bf5de770d776cecbd9f41aab5d4,"background,dog,donkey,horse,lion,monkey,sheep",6,2209.6378451705755
e1c81c93519d174574f61922e306d1be,"background,dog,elephant,frog,horse,lion,monkey",6,1903.9107965501018
4b0125ea4ab33c335c3e86835349cdb1,"background,dog,elephant,frog,horse,lion,sheep",6,2020.4442337674525
ea3898e207b51d9daa75679d4c7357c1,"background,dog,elephant,frog,horse,monkey,sheep",6,2128.8521285909314
e1e6bf9a074326bca5515d1c4ff33b6b,"background,dog,elephant,frog,lion,monkey,sheep",6,2071.5920698450186
ebe9c0c71b5f85aa41ee7cc0982a1e7a,"background,dog,elephant,horse,lion,monkey,sheep",6,2034.0366964670354
003b6114ba9545d3f1a96c3c4f99c5d0,"background,dog,frog,horse,lion,monkey,sheep",6,2098.491695492164
581dde520b0f483c84115623065254be,"background,donkey,elephant,frog,horse,lion,monkey",6,2300.5490390712166
37cdcc92312364145909d5d878a598fa,"background,donkey,elephant,frog,horse,lion,sheep",6,2312.8592899905534
b927b8caae7d5fefd5ce63df3cc0d429,"background,donkey,elephant,frog,horse,monkey,sheep",6,2474.6741871351646
6807498d55563182987cab35174081b1,"background,donkey,elephant,frog,lion,monkey,sheep",6,2371.8582971838373
4c36a9559ae44361337fa418f648e64f,"background,donkey,elephant,horse,lion,monkey,sheep",6,2327.438814894508
1a15d1c37c96a188d954fa213af562e6,"background,donkey,frog,horse,lion,monkey,sheep",6,2427.3238354505847
c283dc1b37d4faa2262b49a165f140db,"background,elephant,frog,horse,lion,monkey,sheep",6,2188.1372816402804
f06162a60c0d4527e6d6bb23f86b1090,"background,chicken,cow,dog,donkey,elephant,frog,horse",7,2143.233764791316
45b6af49dc8302da76ca7964a3048e7b,"background,chicken,cow,dog,donkey,elephant,frog,lion",7,2070.2726883042005
037d2b96e24a932cef69b1a133fc69ab,"background,chicken,cow,dog,donkey,elephant,frog,monkey",7,2194.3949942265385
a489c07f57d6f8a042a5977b8d76e5b7,"background,chicken,cow,dog,donkey,elephant,frog,sheep",7,2215.6143611636685
12e8ce50ecc3ea0b9d20638e93094c44,"background,chicken,cow,dog,donkey,elephant,horse,lion",7,2034.9132263141162
ea248299e1a07ba909c4abeed24c499e,"background,chicken,cow,dog,donkey,elephant,horse,monkey",7,2156.2618456445384
b3be029feb86acce1f5846c7207aee96,"background,chicken,cow,dog,donkey,elephant,horse,sheep",7,2181.0407332248774
29863bd0f79ee2b7eb55502677d44d75,"background,chicken,cow,dog,donkey,elephant,lion,monkey",7,2083.670118567157
b6e3ac0d722fbe74937a39eceff3715a,"background,chicken,cow,dog,donkey,elephant,lion,sheep",7,2115.6093885168375
bb139bf94764fd9192347c243b68cb23,"background,chicken,cow,dog,donkey,elephant,monkey,sheep",7,2224.6533812089324
55cf5627de58747148afff8a7a41b636,"background,chicken,cow,dog,donkey,frog,horse,lion",7,2105.8255504262893
ced6b69d2fb04be08e31dbdebd79b22d,"background,chicken,cow,dog,donkey,frog,horse,monkey",7,2252.3079385384926
d51e0c9ef15147f55f9f485c28e159b0,"background,chicken,cow,dog,donkey,frog,horse,sheep",7,2261.262729485291
c6a3df50abd70c1a783490e88f814700,"background,chicken,cow,dog,donkey,frog,lion,monkey",7,2154.6335763556312
82cd42c9a90469f21d9e573c71ca217d,"background,chicken,cow,dog,donkey,frog,lion,sheep",7,2179.7630052142817
a71e05328dfc6537e88b5eae42011260,"background,chicken,cow,dog,donkey,frog,monkey,sheep",7,2313.742432197026
8017680fe13d555b75649854fb332b49,"background,chicken,cow,dog,donkey,horse,lion,monkey",7,2120.420459977205
22d0482a19f97443a5eb3c1fa258c389,"background,chicken,cow,dog,donkey,horse,lion,sheep",7,2145.577619071128
2c078eee6ae9976609a0edf67f96347e,"background,chicken,cow,dog,donkey,horse,monkey,sheep",7,2273.3020880542085
707c7c4695871ac354611738c94c057b,"background,chicken,cow,dog,donkey,lion,monkey,sheep",7,2190.1661973207965
d1ded2bc7d14baa91d4e361ab6b9f249,"background,chicken,cow,dog,elephant,frog,horse,lion",7,1842.778172223105
dce6ac69e73993137b0dcb3303a21145,"background,chicken,cow,dog,elephant,frog,horse,monkey",7,1959.1964079894844
66f3bbdec51ada8812e991b212d4750e,"background,chicken,cow,dog,elephant,frog,horse,sheep",7,2053.5940511755507
c8a64749ccc99a46fb22664e9098b6c2,"background,chicken,cow,dog,elephant,frog,lion,monkey",7,1875.9615194561236
1fdf55f520dfd773a1b510127a9bc067,"background,chicken,cow,dog,elephant,frog,lion,sheep",7,2018.925962357609
753691d20b2006f677126b8d625407b9,"background,chicken,cow,dog,elephant,frog,monkey,sheep",7,2115.1522609177296
66eb437527bfbc327a71dc83bab200d6,"background,chicken,cow,dog,elephant,horse,lion,monkey",7,1869.15201664689
cdc34d2c731ff64055a858a760d2e615,"background,chicken,cow,dog,elephant,horse,lion,sheep",7,1983.2040251096162
9690bb6f093b69d5cead3da955e7f4c5,"background,chicken,cow,dog,elephant,horse,monkey,sheep",7,2079.723969458253
63ad87c3bf21beef6839d72cdcf3b34c,"background,chicken,cow,dog,elephant,lion,monkey,sheep",7,2034.2131700663265
db36745532689846444f0caadc4fe6b2,"background,chicken,cow,dog,frog,horse,lion,monkey",7,1936.4746048039665
da4ea4dc75cbd86d7ac62a273f1db567,"background,chicken,cow,dog,frog,horse,lion,sheep",7,2044.4270777763406
c1726b5a11abaa36b4fcfd267aaeb199,"background,chicken,cow,dog,frog,horse,monkey,sheep",7,2155.8075286250046
fa8cdcbd6548c55b6409cd2137926fbe,"background,chicken,cow,dog,frog,lion,monkey,sheep",7,2101.969794364068
3f2e19f62569dcd3cc6a50350ce7488a,"background,chicken,cow,dog,horse,lion,monkey,sheep",7,2061.2154957644216
a44518e468db9ee05da867b0d048977f,"background,chicken,cow,donkey,elephant,frog,horse,lion",7,2170.3766582288144
f95f43b1b5b6f2d8126e5211b0077bf2,"background,chicken,cow,donkey,elephant,frog,horse,monkey",7,2342.506262500204
fa3363b5ddd1f706680e05198453ff04,"background,chicken,cow,donkey,elephant,frog,horse,sheep",7,2360.522137044731
2f210cc11165c104210ec2b5963c427d,"background,chicken,cow,donkey,elephant,frog,lion,monkey",7,2247.2874965064684
d59c6871090acf9032c884f50f7b8567,"background,chicken,cow,donkey,elephant,frog,lion,sheep",7,2269.0460499687297
c1fa532a359d26fe9af402dab2a5dc22,"background,chicken,cow,donkey,elephant,frog,monkey,sheep",7,2436.5466835211787
04efd56dc3ff9b5af5e0814234d0ff0d,"background,chicken,cow,donkey,elephant,horse,lion,monkey",7,2198.381794553612
ab1eb0ded7c2fd8607e572d87ad9b189,"background,chicken,cow,donkey,elephant,horse,lion,sheep",7,2226.4669897747326
077f225624bbaa0d5ba2530052e3595f,"background,chicken,cow,donkey,elephant,horse,monkey,sheep",7,2375.609982385354
c74962e4755da58aa38aa580f709645b,"background,chicken,cow,donkey,elephant,lion,monkey,sheep",7,2287.31169592736
c38979e3f71b7a7882d5b08c4bb10836,"background,chicken,cow,donkey,frog,horse,lion,monkey",7,2285.083565940926
495e45a1f6709b01e8c6e88b4b6bb1b9,"background,chicken,cow,donkey,frog,horse,lion,sheep",7,2303.294646944025
7ca4c1d217ba1c729f3e3bc63137d397,"background,chicken,cow,donkey,frog,horse,monkey,sheep",7,2479.299409840141
46dc8ce1914bee7fe9d65b0735a9feea,"background,chicken,cow,donkey,frog,lion,monkey,sheep",7,2366.8667859251423
b8a8067a176e9b10c355831543cdac2f,"background,chicken,cow,donkey,horse,lion,monkey,sheep",7,2319.378116326551
6ac1115a22c1bea9a67735093522db61,"background,chicken,cow,elephant,frog,horse,lion,monkey",7,1973.428011045843
5abb564025c711796e7d1a0811241905,"background,chicken,cow,elephant,frog,horse,lion,sheep",7,2105.724699785177
ceba2f0fe15e2b72807f8e80420b26f6,"background,chicken,cow,elephant,frog,horse,monkey,sheep",7,2241.6892858896535
362eabcac92fce5531ecc3b9125e287d,"background,chicken,cow,elephant,frog,lion,monkey,sheep",7,2178.6627981758024
d38ba38e9334398a2bd4d3408fd013d5,"background,chicken,cow,elephant,horse,lion,monkey,sheep",7,2127.3871142632242
be54e7de7cd40b6a7311a16c4fa8a8e0,"background,chicken,cow,frog,horse,lion,monkey,sheep",7,2202.903718522256
78f87d61edb107e31d9ab3ecc51d57b7,"background,chicken,dog,donkey,elephant,frog,horse,lion",7,2106.378935374348
291769c3398a5cc53178cadf902a7684,"background,chicken,dog,donkey,elephant,frog,horse,monkey",7,2232.5536515212425
052d3d3b0d3757ec801f32e8ddf6a3dc,"background,chicken,dog,donkey,elephant,frog,horse,sheep",7,2250.7155431438337
c5c297ce44d321a54188025b38e9cf57,"background,chicken,dog,donkey,elephant,frog,lion,monkey",7,2149.4111286096672
3f8aae7cba9cd9b99e05d1b0a67817b7,"background,chicken,dog,donkey,elephant,frog,lion,sheep",7,2177.2407246686867
6302f7c300cdfbb8b4e1ad10357e4f6e,"background,chicken,dog,donkey,elephant,frog,monkey,sheep",7,2296.0928233352374
b18457b298d524c6e2361453469728ed,"background,chicken,dog,donkey,elephant,horse,lion,monkey",7,2118.552609460478
6ec9b2dba9fded69e37f2d8dda6f1fe2,"background,chicken,dog,donkey,elephant,horse,lion,sheep",7,2144.145636445126
46052fb5b069eda9cbd7c01556856422,"background,chicken,dog,donkey,elephant,horse,monkey,sheep",7,2260.711061094512
c5a1ca3f746a85191867b4ea8773e188,"background,chicken,dog,donkey,elephant,lion,monkey,sheep",7,2184.6438819169903
1306f7645164a4e44b6238d65df13a5e,"background,chicken,dog,donkey,frog,horse,lion,monkey",7,2194.9722092502216
f240fa50bc2d0f11702384b63898ed4f,"background,chicken,dog,donkey,frog,horse,lion,sheep",7,2207.9391907916274
0ea92171c123a7d8d2e68e7b3f43d45a,"background,chicken,dog,donkey,frog,horse,monkey,sheep",7,2347.44466549379
86fb49702fbef1cca4b8ac31d08e8ac0,"background,chicken,dog,donkey,frog,lion,monkey,sheep",7,2251.9932107303134
3346f038ecdff0db8d4431650d4cdc7e,"background,chicken,dog,donkey,horse,lion,monkey,sheep",7,2217.890371721436
ece74b201117e3aad1436758ee5bc82b,"background,chicken,dog,elephant,frog,horse,lion,monkey",7,1945.650778384016
920522589f20d21d2c217930dab3031d,"background,chicken,dog,elephant,frog,horse,lion,sheep",7,2049.6219900917
bcdf2caa44d35ec5b4c398f6b0d09157,"background,chicken,dog,elephant,frog,horse,monkey,sheep",7,2155.0751762866057
735d5ff226b9a44b4ad02010b205341c,"background,chicken,dog,elephant,frog,lion,monkey,sheep",7,2099.556261138711
bffacf245130acf23d352b3c87278478,"background,chicken,dog,elephant,horse,lion,monkey,sheep",7,2063.896810953883
35b08132e6f9c99043c760700bf27bdf,"background,chicken,dog,frog,horse,lion,monkey,sheep",7,2131.3623854496545
ef9e716f0fdb2aedafd2ae726591f3a2,"background,chicken,donkey,elephant,frog,horse,lion,monkey",7,2281.3080003519517
681b78f4eb13c32f946d91c24dccde4a,"background,chicken,donkey,elephant,frog,horse,lion,sheep",7,2298.152488550893
e1cc528d2ba612c0d06ca88a6d103d8e,"background,chicken,donkey,elephant,frog,horse,monkey,sheep",7,2452.993567228852
da8bfce616582854972c00d47a482fc0,"background,chicken,donkey,elephant,frog,lion,monkey,sheep",7,2353.978103655974
122a6a6ce662104decfd249599dd6f18,"background,chicken,donkey,elephant,horse,lion,monkey,sheep",7,2310.927417000982
2073a14dc30bbbfeeb21a2e9fe808bc4,"background,chicken,donkey,frog,horse,lion,monkey,sheep",7,2391.9292184645574
891f978f19f373d5cd5f3e666a21eb2e,"background,chicken,elephant,frog,horse,lion,monkey,sheep",7,2204.2072395596756
3197b8e227181f2bc86daf3501df74ba,"background,cow,dog,donkey,elephant,frog,horse,lion",7,2073.6505158113932
c87eeb85a0d0b72d5e9d1e9cb71b39c5,"background,cow,dog,donkey,elephant,frog,horse,monkey",7,2192.577512086866
29131ff0facd4d583d5e2375e77ad003,"background,cow,dog,donkey,elephant,frog,horse,sheep",7,2210.192978227879
20692691fa9b83649128ce9c1d0696aa,"background,cow,dog,donkey,elephant,frog,lion,monkey",7,2119.714210382637
d2345d292f3ec11780879ad7f978f682,"background,cow,dog,donkey,elephant,frog,lion,sheep",7,2147.124440057185
ec5912ba1fd642f506b2eda992194d2f,"background,cow,dog,donkey,elephant,frog,monkey,sheep",7,2255.3187933574304
beadf945da280b67eb6d91c6d1f730fe,"background,cow,dog,donkey,elephant,horse,lion,monkey",7,2085.087745319604
06444fd2dfee8744c8897aaca4de748c,"background,cow,dog,donkey,elephant,horse,lion,sheep",7,2110.322863178355
a37e6af9490181038e95e0a9c39d9f82,"background,cow,dog,donkey,elephant,horse,monkey,sheep",7,2219.1635276155625
3d991ddec062036b9fe26f6904903be1,"background,cow,dog,donkey,elephant,lion,monkey,sheep",7,2152.246634304993
4d64a01c594be0a1b5b90006715ef496,"background,cow,dog,donkey,frog,horse,lion,monkey",7,2155.0405491712454
fa8c23851211570811362c1ad4802db2,"background,cow,dog,donkey,frog,horse,lion,sheep",7,2175.0250875164875
c926054bd434e0541b05775af91c42ce,"background,cow,dog,donkey,frog,horse,monkey,sheep",7,2302.9844639142325
286aeaa8d446b0cac9a3157136b87321,"background,cow,dog,donkey,frog,lion,monkey,sheep",7,2220.351973367956
b67600e7b4ba07d17f155c18c6f86d01,"background,cow,dog,donkey,horse,lion,monkey,sheep",7,2182.55604871228
e8a421851f37760647ee61f65666cc54,"background,cow,dog,elephant,frog,horse,lion,monkey",7,1887.881930795585
d3b0a10e8beeb9663c23ade9c0c65755,"background,cow,dog,elephant,frog,horse,lion,sheep",7,2000.2405758625741
67f6c45b3fa94f705911d1ff635e3d68,"background,cow,dog,elephant,frog,horse,monkey,sheep",7,2097.3727912008103
4ec70e0a9237c4a17619906c82f4143e,"background,cow,dog,elephant,frog,lion,monkey,sheep",7,2052.1960657570085
63e482afca7ac6bc50e400fdda6fa460,"background,cow,dog,elephant,horse,lion,monkey,sheep",7,2012.8971391878497
464338045aa9759869293fe9b7c87dc3,"background,cow,dog,frog,horse,lion,monkey,sheep",7,2071.9834929043195
299abcad4c265eafc2a456c0c847e61b,"background,cow,donkey,elephant,frog,horse,lion,monkey",7,2243.877625043118
85688591aad350c141e7f37560c217c2,"background,cow,donkey,elephant,frog,horse,lion,sheep",7,2269.5370929463083
7eead0d0afb966ec3f95a56bd706bf77,"background,cow,donkey,elephant,frog,horse,monkey,sheep",7,2416.8922416809933
710dc5c61ad14d8255cde9414f800693,"background,cow,donkey,elephant,frog,lion,monkey,sheep",7,2327.791432393788
0213d03c19f12ed92b85be9d9d19135c,"background,cow,donkey,elephant,horse,lion,monkey,sheep",7,2282.304225012408
d8dc3def934ccfa6e48f5ab1e3d6d00a,"background,cow,donkey,frog,horse,lion,monkey,sheep",7,2373.8705940451264
f149b56c233c803076e53cd8951a87f7,"background,cow,elephant,frog,horse,lion,monkey,sheep",7,2145.243415224908
d4da03a1fd05044ae8ea6a1354ec30f8,"background,dog,donkey,elephant,frog,horse,lion,monkey",7,2157.181977921474
66d5d38a10b9369e9f422a85ea109c3d,"background,dog,donkey,elephant,frog,horse,lion,sheep",7,2178.5997574426183
4578a51e1f66f5687c18bb53d83d2969,"background,dog,donkey,elephant,frog,horse,monkey,sheep",7,2290.1982222145334
5b70155735fd6126df7273d1e0740f9e,"background,dog,donkey,elephant,frog,lion,monkey,sheep",7,2216.1149798970464
acdce4f9bd9656aaa7e29c4eba1dee8c,"background,dog,donkey,elephant,horse,lion,monkey,sheep",7,2182.1020631206193
851cdfa836ab771478b469d893848fd4,"background,dog,donkey,frog,horse,lion,monkey,sheep",7,2250.4045107323086
5723ab79c5e0db78f1af2d44206d2074,"background,dog,elephant,frog,horse,lion,monkey,sheep",7,2081.9887027336927
a501c69e782b873e5fe9642d056a6a09,"background,donkey,elephant,frog,horse,lion,monkey,sheep",7,2364.298552045092
136bd7716d9f7e3911b489be0b96ff55,"background,chicken,cow,dog,donkey,elephant,frog,horse,lion",8,2088.253136918594
2def894cb91d9983145f31ac82653576,"background,chicken,cow,dog,donkey,elephant,frog,horse,monkey",8,2204.6923785433187
32ce8dc49da32121b1ed9787fef25692,"background,chicken,cow,dog,donkey,elephant,frog,horse,sheep",8,2224.975905218237
b2c533cd06dc893e6e5745453646abac,"background,chicken,cow,dog,donkey,elephant,frog,lion,monkey",8,2130.885734761342
40a55b95a6cc4ba8b95f14559f5ee0ca,"background,chicken,cow,dog,donkey,elephant,frog,lion,sheep",8,2159.32176701593
59e52f4654879595774f51f5d3362345,"background,chicken,cow,dog,donkey,elephant,frog,monkey,sheep",8,2268.950315150912
c5429c95a6ed6e017c8b2fdacf9e4264,"background,chicken,cow,dog,donkey,elephant,horse,lion,monkey",8,2099.234031442879
45da6a229f73f0012bb6405b2108b474,"background,chicken,cow,dog,donkey,elephant,horse,lion,sheep",8,2127.830658828764
deb433498eeaa8c7ca1661c2c21c60fc,"background,chicken,cow,dog,donkey,elephant,horse,monkey,sheep",8,2233.813009553554
b0ec825034353780179c84fbbf0f61ac,"background,chicken,cow,dog,donkey,elephant,lion,monkey,sheep",8,2167.217076954391
8c318a04df3b63440da71906fd044d0f,"background,chicken,cow,dog,donkey,frog,horse,lion,monkey",8,2169.015474126246
a2bcd6ac03c4d5c1979dd27ac04f79af,"background,chicken,cow,dog,donkey,frog,horse,lion,sheep",8,2190.583611958627
fb8c94d7378c6cda71a5d8196b73a987,"background,chicken,cow,dog,donkey,frog,horse,monkey,sheep",8,2312.6798042779365
466a76bbc652c4e1cb344129b48cb54d,"background,chicken,cow,dog,donkey,frog,lion,monkey,sheep",8,2232.6910391439346
a06c487827e5ec59039902759015c220,"background,chicken,cow,dog,donkey,horse,lion,monkey,sheep",8,2194.6170081411387
ff19cd7dc3e68bb208a3de75c1831d81,"background,chicken,cow,dog,elephant,frog,horse,lion,monkey",8,1928.2006453586696
01a86bcb4f62d3fc06b2f9cea8f8e692,"background,chicken,cow,dog,elephant,frog,horse,lion,sheep",8,2033.3531130137233
fffaa750a44dc1dad393ba55be867aae,"background,chicken,cow,dog,elephant,frog,horse,monkey,sheep",8,2129.1761682077927
213559ea2f0045173ee6cb79ec3f340c,"background,chicken,cow,dog,elephant,frog,lion,monkey,sheep",8,2082.111742332738
0d33c8aee582d02cf84dccaff1b10fae,"background,chicken,cow,dog,elephant,horse,lion,monkey,sheep",8,2045.4830628395646
c969b0fef680840d98c7a39d5b798621,"background,chicken,cow,dog,frog,horse,lion,monkey,sheep",8,2106.8693506364916
0ad156942d59b77461226c828eff9deb,"background,chicken,cow,donkey,elephant,frog,horse,lion,monkey",8,2243.9970435388573
a034ee3383b224d02abe0a8c1a15ffa8,"background,chicken,cow,donkey,elephant,frog,horse,lion,sheep",8,2267.1681857332323
364f82fdf1972378b1c9c89732ddcdaf,"background,chicken,cow,donkey,elephant,frog,horse,monkey,sheep",8,2412.4567957510853
3449f8fb2a182812fb5d3193ebc00273,"background,chicken,cow,donkey,elephant,frog,lion,monkey,sheep",8,2322.234501181404
f580f45410e3f16092551e1d03622775,"background,chicken,cow,donkey,elephant,horse,lion,monkey,sheep",8,2280.2424799057094
41dc9ea1afb0c8fe8e6ea1a188cb2ecf,"background,chicken,cow,donkey,frog,horse,lion,monkey,sheep",8,2353.7008112270123
9454e6c8ba3ba21edef6824a5223e8f6,"background,chicken,cow,elephant,frog,horse,lion,monkey,sheep",8,2172.3175334531884
ebd28ae0d811b1bb56916a1719382c21,"background,chicken,dog,donkey,elephant,frog,horse,lion,monkey",8,2164.1593253309775
4acf7aa4911856369c12bb433d49de5d,"background,chicken,dog,donkey,elephant,frog,horse,lion,sheep",8,2186.4043876258684
10557fc3b18bb6e2aa34f2f2769ed44d,"background,chicken,dog,donkey,elephant,frog,horse,monkey,sheep",8,2299.0936662275526
b07cda32de3297a8466538e8caa3c66b,"background,chicken,dog,donkey,elephant,frog,lion,monkey,sheep",8,2224.7779786781143
b688ed21735c9b4b803c94411fa6398e,"background,chicken,dog,donkey,elephant,horse,lion,monkey,sheep",8,2193.162238349743
713c6e039acec402e770d896532f77e6,"background,chicken,dog,donkey,frog,horse,lion,monkey,sheep",8,2257.238520791783
1ff9842c2284ddffbc0beeea54bae5f6,"background,chicken,dog,elephant,frog,horse,lion,monkey,sheep",8,2110.4547735023148
119c7a6919099f0f9b4789fbd7ab8257,"background,chicken,donkey,elephant,frog,horse,lion,monkey,sheep",8,2345.3092098065904
590f19c784837a963e0d2e90f8f11fbf,"background,cow,dog,donkey,elephant,frog,horse,lion,monkey",8,2131.5657908782373
b36ae8c7fe0723041112d34e98670556,"background,cow,dog,donkey,elephant,frog,horse,lion,sheep",8,2156.2760553291346
2fa5260fc64e863c567187340a89ea43,"background,cow,dog,donkey,elephant,frog,horse,monkey,sheep",8,2261.3226898244047
c3386c3aa1e775c88da0056eb6de4671,"background,cow,dog,donkey,elephant,frog,lion,monkey,sheep",8,2194.415025017367
eff8c3a10092f873eda8f19d93a1d5b3,"background,cow,dog,donkey,elephant,horse,lion,monkey,sheep",8,2163.010313310207
5bf3a3dceef11c77e1eeb88692227f7a,"background,cow,dog,donkey,frog,horse,lion,monkey,sheep",8,2223.429110722411
5cc4b00b702cc607e866d43a995346a8,"background,cow,dog,elephant,frog,horse,lion,monkey,sheep",8,2061.1478361710674
2946b4181f6c79fe9e378922e96a71f8,"background,cow,donkey,elephant,frog,horse,lion,monkey,sheep",8,2319.240908649157
dfb5be794ce77d687fc5a7e6556d6573,"background,dog,donkey,elephant,frog,horse,lion,monkey,sheep",8,2223.6495289390414
7fe4f5bcf90ad903a2f058a36f4be298,"background,chicken,cow,dog,donkey,elephant,frog,horse,lion,monkey",9,2145.932222155858
ae7b02823a8f724115780f14c72af58b,"background,chicken,cow,dog,donkey,elephant,frog,horse,lion,sheep",9,2171.0587335102323
0002dfaacbe82a8b8eb6f1e508a816be,"background,chicken,cow,dog,donkey,elephant,frog,horse,monkey,sheep",9,2275.147834686953
8b968126ae699e6cad2ad63af60896a9,"background,chicken,cow,dog,donkey,elephant,frog,lion,monkey,sheep",9,2209.232769018957
1defb259f4effa08de897ac57a4828fe,"background,chicken,cow,dog,donkey,elephant,horse,lion,monkey,sheep",9,2176.013340283874
fd0481dd2b771599f4b6594a4e582e58,"background,chicken,cow,dog,donkey,frog,horse,lion,monkey,sheep",9,2234.6102394010795
a6ae603d61aa96f2a6d7f36343994bc7,"background,chicken,cow,dog,elephant,frog,horse,lion,monkey,sheep",9,2091.9767732122505
aba309fa5615c73b2b333695e38d32b7,"background,chicken,cow,donkey,elephant,frog,horse,lion,monkey,sheep",9,2314.783225767686
83bff1ea04dd0cdb10f7a78105263d47,"background,chicken,dog,donkey,elephant,frog,horse,lion,monkey,sheep",9,2232.0990650253766
6e03dd2ce6f5135b3662ec14c5ba1ea1,"background,cow,dog,donkey,elephant,frog,horse,lion,monkey,sheep",9,2203.152386253488
cedcbc5a84ffc11a9b9117f87fc65d4c,"background,chicken,cow,dog,donkey,elephant,frog,horse,lion,monkey,sheep",10,2215.2716094560196
