question_id,miesiac,n,bledy,uzytkownicy,od,do,bledy_proc
35,2023-04,16,8,16,2023-04-25 09:03:53,2023-04-28 15:46:56,50.0
35,2023-05,34,13,29,2023-05-12 09:51:00,2023-05-31 09:15:28,38.24
35,2023-06,28,9,24,2023-06-01 10:16:08,2023-06-30 15:33:12,32.14
35,2023-07,3,0,3,2023-07-03 11:35:47,2023-07-05 09:31:52,0.0
35,2023-10,7,3,7,2023-10-25 09:39:23,2023-10-30 12:04:36,42.86
35,2023-11,17,7,16,2023-11-06 15:56:46,2023-11-29 15:11:37,41.18
35,2023-12,11,4,11,2023-12-04 09:37:36,2023-12-13 10:08:43,36.36
35,2024-03,5,1,5,2024-03-27 15:45:19,2024-03-28 15:46:42,20.0
35,2024-04,14,4,14,2024-04-02 13:00:01,2024-04-17 10:01:54,28.57
35,2024-09,23,16,22,2024-09-20 11:42:55,2024-09-30 13:14:32,69.57
35,2024-10,27,6,25,2024-10-01 09:43:54,2024-10-11 10:49:49,22.22
35,2024-11,15,5,14,2024-11-18 13:18:33,2024-11-29 12:13:05,33.33
35,2024-12,23,10,22,2024-12-02 12:06:43,2024-12-31 13:16:01,43.48
35,2025-01,24,7,20,2025-01-03 09:07:32,2025-01-30 12:06:10,29.17
35,2025-02,28,12,26,2025-02-03 14:58:03,2025-02-28 12:58:38,42.86
35,2025-03,22,6,21,2025-03-03 13:39:39,2025-03-31 10:49:17,27.27
35,2025-04,12,5,12,2025-04-01 10:38:49,2025-04-11 13:51:16,41.67
35,2025-06,5,3,5,2025-06-24 10:19:39,2025-06-30 10:16:58,60.0
35,2025-07,28,11,25,2025-07-01 12:37:01,2025-07-30 12:05:06,39.29
35,2025-08,20,7,18,2025-08-05 12:53:41,2025-08-27 14:38:06,35.0
35,2025-09,27,10,22,2025-09-01 10:58:19,2025-09-30 14:11:42,37.04
35,2025-10,27,12,23,2025-10-01 09:10:29,2025-10-28 10:18:40,44.44
36,2023-04,23,3,17,2023-04-25 10:08:26,2023-04-28 16:29:28,13.04
36,2023-05,27,3,23,2023-05-11 15:08:28,2023-05-29 09:37:34,11.11
36,2023-06,33,4,26,2023-06-01 09:24:26,2023-06-30 10:51:56,12.12
36,2023-07,2,0,2,2023-07-03 10:49:45,2023-07-04 10:46:00,0.0
36,2023-10,3,0,3,2023-10-27 10:04:11,2023-10-30 12:05:45,0.0
36,2023-11,18,3,18,2023-11-06 13:23:52,2023-11-29 09:19:07,16.67
36,2023-12,7,0,7,2023-12-01 15:19:56,2023-12-13 12:54:34,0.0
36,2024-01,1,0,1,2024-01-08 14:25:14,2024-01-08 14:25:14,0.0
36,2024-03,3,1,3,2024-03-28 14:58:31,2024-03-29 09:38:28,33.33
36,2024-04,14,3,14,2024-04-04 09:47:37,2024-04-16 10:11:20,21.43
36,2024-09,28,8,23,2024-09-20 12:09:13,2024-09-30 14:04:14,28.57
36,2024-10,26,4,26,2024-10-01 10:02:10,2024-10-10 12:21:40,15.38
36,2024-11,9,0,9,2024-11-15 15:33:10,2024-11-27 10:55:17,0.0
36,2024-12,34,3,28,2024-12-02 11:00:42,2024-12-31 12:19:29,8.82
36,2025-01,18,1,17,2025-01-03 09:58:40,2025-01-31 10:26:27,5.56
36,2025-02,23,2,22,2025-02-05 14:17:36,2025-02-28 13:55:42,8.7
36,2025-03,29,4,26,2025-03-03 11:25:50,2025-03-28 15:11:18,13.79
36,2025-04,19,5,19,2025-04-02 09:08:03,2025-04-11 15:34:18,26.32
36,2025-06,9,2,9,2025-06-20 13:17:03,2025-06-30 13:44:02,22.22
36,2025-07,35,5,28,2025-07-01 09:34:29,2025-07-31 14:41:57,14.29
36,2025-08,26,5,21,2025-08-01 09:44:24,2025-08-29 09:30:27,19.23
36,2025-09,24,5,22,2025-09-01 13:45:09,2025-09-29 09:12:29,20.83
36,2025-10,21,8,19,2025-10-02 10:38:19,2025-10-27 10:53:03,38.1
37,2023-04,16,0,15,2023-04-25 09:22:00,2023-04-28 15:39:06,0.0
37,2023-05,34,0,30,2023-05-11 14:31:31,2023-05-30 13:15:13,0.0
37,2023-06,25,1,20,2023-06-05 15:45:46,2023-06-29 14:46:58,4.0
37,2023-07,2,0,2,2023-07-03 10:14:51,2023-07-05 09:17:09,0.0
37,2023-10,3,0,3,2023-10-25 10:31:37,2023-10-30 10:28:04,0.0
37,2023-11,12,1,11,2023-11-06 15:58:56,2023-11-30 13:21:18,8.33
37,2023-12,19,0,18,2023-12-01 09:17:30,2023-12-12 15:36:24,0.0
37,2024-03,3,0,3,2024-03-27 15:38:33,2024-03-29 13:14:17,0.0
37,2024-04,13,0,13,2024-04-02 10:11:21,2024-04-16 15:59:00,0.0
37,2024-09,25,1,25,2024-09-20 10:45:14,2024-09-30 15:09:14,4.0
37,2024-10,26,0,26,2024-10-01 09:34:58,2024-10-10 14:56:31,0.0
37,2024-11,11,0,11,2024-11-18 13:02:30,2024-11-29 12:42:32,0.0
37,2024-12,26,2,23,2024-12-02 11:46:22,2024-12-30 14:00:08,7.69
37,2025-01,21,0,21,2025-01-03 11:40:42,2025-01-31 12:34:08,0.0
37,2025-02,24,1,20,2025-02-03 14:18:21,2025-02-28 11:41:32,4.17
37,2025-03,28,2,24,2025-03-03 09:33:30,2025-03-28 14:56:53,7.14
37,2025-04,13,0,13,2025-04-01 14:42:46,2025-04-11 14:14:37,0.0
37,2025-06,10,0,10,2025-06-20 15:59:16,2025-06-30 15:37:01,0.0
37,2025-07,30,0,24,2025-07-01 12:12:39,2025-07-31 12:51:34,0.0
37,2025-08,21,0,18,2025-08-04 14:39:57,2025-08-29 09:03:32,0.0
37,2025-09,27,1,22,2025-09-01 15:22:43,2025-09-30 14:13:05,3.7
37,2025-10,24,2,21,2025-10-02 10:34:59,2025-10-27 12:38:05,8.33
44,2023-04,19,1,15,2023-04-25 08:32:51,2023-04-28 15:52:02,5.26
44,2023-05,38,9,28,2023-05-11 14:23:19,2023-05-30 14:40:37,23.68
44,2023-06,45,7,33,2023-06-01 10:01:17,2023-06-29 11:05:44,15.56
44,2023-07,2,1,2,2023-07-03 09:17:59,2023-07-04 11:46:25,50.0
44,2023-10,9,1,9,2023-10-25 11:29:07,2023-10-30 09:52:36,11.11
44,2023-11,18,0,17,2023-11-07 09:42:36,2023-11-30 14:53:12,0.0
44,2023-12,16,5,16,2023-12-01 15:29:55,2023-12-13 13:48:36,31.25
44,2024-01,2,0,2,2024-01-08 14:47:30,2024-01-08 15:02:29,0.0
44,2024-02,95,10,74,2024-02-06 13:22:09,2024-02-26 13:40:17,10.53
44,2024-03,70,6,54,2024-03-05 09:51:37,2024-03-29 11:22:37,8.57
44,2024-04,18,3,17,2024-04-02 10:34:52,2024-04-18 09:37:07,16.67
44,2024-05,29,2,28,2024-05-17 15:17:27,2024-05-21 14:07:15,6.9
44,2024-11,17,1,17,2024-11-18 09:01:36,2024-11-29 10:03:31,5.88
44,2024-12,33,6,29,2024-12-03 10:36:52,2024-12-30 14:17:42,18.18
44,2025-01,36,4,34,2025-01-03 13:09:31,2025-01-29 15:33:28,11.11
44,2025-02,32,5,27,2025-02-03 09:16:18,2025-02-28 09:56:56,15.62
44,2025-03,40,4,31,2025-03-03 10:12:19,2025-03-28 11:57:03,10.0
44,2025-04,25,4,25,2025-04-01 09:17:39,2025-04-11 15:23:55,16.0
44,2025-06,11,1,11,2025-06-20 09:02:13,2025-06-30 13:40:11,9.09
44,2025-07,43,8,36,2025-07-01 09:44:16,2025-07-31 14:58:49,18.6
44,2025-08,30,8,28,2025-08-01 09:12:02,2025-08-29 11:45:49,26.67
44,2025-09,39,6,36,2025-09-01 10:52:30,2025-09-30 15:24:09,15.38
44,2025-10,29,1,25,2025-10-02 11:47:34,2025-10-28 09:05:28,3.45
45,2023-04,35,7,25,2023-04-25 08:34:03,2023-04-28 15:54:01,20.0
45,2023-05,36,4,32,2023-05-11 15:56:41,2023-05-31 10:59:31,11.11
45,2023-06,43,8,34,2023-06-01 10:16:16,2023-06-30 10:41:34,18.6
45,2023-10,3,0,3,2023-10-25 10:33:20,2023-10-30 09:55:11,0.0
45,2023-11,9,1,9,2023-11-03 15:30:24,2023-11-30 14:37:52,11.11
45,2023-12,14,3,14,2023-12-05 12:03:20,2023-12-13 13:47:50,21.43
45,2024-01,1,0,1,2024-01-08 14:11:05,2024-01-08 14:11:05,0.0
45,2024-02,90,13,77,2024-02-06 13:18:47,2024-02-26 11:59:27,14.44
45,2024-03,60,3,53,2024-03-05 11:44:21,2024-03-29 12:33:55,5.0
45,2024-04,14,1,13,2024-04-03 09:20:17,2024-04-18 11:47:13,7.14
45,2024-05,23,1,23,2024-05-17 14:35:40,2024-05-21 13:29:46,4.35
45,2024-11,21,4,19,2024-11-15 13:34:43,2024-11-29 10:15:01,19.05
45,2024-12,37,7,34,2024-12-02 10:28:05,2024-12-31 12:49:37,18.92
45,2025-01,39,5,32,2025-01-03 10:30:16,2025-01-31 11:48:37,12.82
45,2025-02,29,2,27,2025-02-04 12:33:20,2025-02-27 15:08:55,6.9
45,2025-03,42,2,34,2025-03-03 09:55:17,2025-03-31 13:41:49,4.76
45,2025-04,18,1,18,2025-04-02 11:31:52,2025-04-11 14:44:36,5.56
45,2025-06,13,0,13,2025-06-18 15:24:56,2025-06-30 14:14:53,0.0
45,2025-07,51,8,41,2025-07-01 09:34:12,2025-07-31 10:59:58,15.69
45,2025-08,31,3,28,2025-08-01 14:17:58,2025-08-29 12:46:59,9.68
45,2025-09,38,5,35,2025-09-01 10:05:31,2025-09-30 15:37:31,13.16
45,2025-10,23,1,22,2025-10-01 10:43:35,2025-10-27 10:51:05,4.35
46,2023-04,22,1,14,2023-04-25 08:54:44,2023-04-28 15:46:07,4.55
46,2023-05,37,2,29,2023-05-11 14:14:49,2023-05-30 12:03:10,5.41
46,2023-06,32,0,26,2023-06-01 09:03:26,2023-06-30 14:19:29,0.0
46,2023-07,4,0,4,2023-07-03 12:24:14,2023-07-04 14:10:50,0.0
46,2023-10,5,1,5,2023-10-26 09:58:30,2023-10-30 11:59:19,20.0
46,2023-11,22,0,21,2023-11-08 09:17:46,2023-11-30 11:49:41,0.0
46,2023-12,13,0,13,2023-12-01 11:34:05,2023-12-12 12:58:33,0.0
46,2024-02,97,3,73,2024-02-06 13:11:26,2024-02-26 15:14:54,3.09
46,2024-03,52,1,46,2024-03-06 11:01:05,2024-03-27 15:16:41,1.92
46,2024-04,23,1,23,2024-04-02 12:08:54,2024-04-17 13:42:00,4.35
46,2024-05,20,1,20,2024-05-17 14:50:52,2024-05-21 13:22:19,5.0
46,2024-11,20,1,20,2024-11-18 10:25:37,2024-11-29 14:35:18,5.0
46,2024-12,40,0,37,2024-12-02 12:45:22,2024-12-30 10:05:25,0.0
46,2025-01,44,2,38,2025-01-03 11:18:15,2025-01-31 11:02:02,4.55
46,2025-02,39,2,36,2025-02-03 11:55:36,2025-02-28 16:00:21,5.13
46,2025-03,38,0,30,2025-03-03 09:48:50,2025-03-31 10:13:24,0.0
46,2025-04,22,1,22,2025-04-01 10:06:45,2025-04-11 13:39:04,4.55
46,2025-06,12,0,12,2025-06-23 11:43:33,2025-06-30 12:52:43,0.0
46,2025-07,38,0,35,2025-07-01 09:15:16,2025-07-31 13:37:31,0.0
46,2025-08,36,1,31,2025-08-01 11:16:57,2025-08-29 11:34:47,2.78
46,2025-09,37,3,36,2025-09-03 09:35:33,2025-09-30 14:03:13,8.11
46,2025-10,28,0,24,2025-10-01 10:31:51,2025-10-28 10:11:15,0.0
47,2023-04,25,6,21,2023-04-25 07:52:04,2023-04-28 15:48:17,24.0
47,2023-05,44,13,31,2023-05-12 10:51:25,2023-05-31 15:36:25,29.55
47,2023-06,33,9,27,2023-06-02 11:12:31,2023-06-30 16:21:40,27.27
47,2023-07,5,0,5,2023-07-03 14:02:18,2023-07-04 14:15:27,0.0
47,2023-10,8,2,8,2023-10-25 09:19:02,2023-10-27 14:13:40,25.0
47,2023-11,20,5,19,2023-11-06 12:20:24,2023-11-30 14:04:40,25.0
47,2023-12,14,3,14,2023-12-01 10:10:52,2023-12-13 15:42:21,21.43
47,2024-02,96,16,78,2024-02-06 13:03:41,2024-02-26 15:21:13,16.67
47,2024-03,59,9,49,2024-03-05 09:40:19,2024-03-29 10:17:36,15.25
47,2024-04,18,2,18,2024-04-05 09:19:31,2024-04-18 11:18:07,11.11
47,2024-05,19,3,19,2024-05-17 15:02:31,2024-05-21 14:29:13,15.79
47,2024-11,20,6,20,2024-11-18 09:06:44,2024-11-29 15:42:12,30.0
47,2024-12,33,3,30,2024-12-02 14:48:22,2024-12-31 11:15:37,9.09
47,2025-01,34,3,29,2025-01-02 09:48:49,2025-01-30 14:56:00,8.82
47,2025-02,35,12,28,2025-02-03 10:06:23,2025-02-28 14:51:23,34.29
47,2025-03,34,4,32,2025-03-03 09:29:51,2025-03-31 15:08:29,11.76
47,2025-04,7,2,7,2025-04-01 11:56:12,2025-04-10 11:06:40,28.57
47,2025-06,10,1,10,2025-06-20 14:06:59,2025-06-30 10:26:19,10.0
47,2025-07,48,8,41,2025-07-01 09:46:25,2025-07-31 10:29:24,16.67
47,2025-08,36,4,33,2025-08-01 10:09:46,2025-08-28 12:45:40,11.11
47,2025-09,37,6,34,2025-09-01 11:02:07,2025-09-29 14:43:57,16.22
47,2025-10,32,1,27,2025-10-01 12:47:49,2025-10-27 15:25:05,3.12
48,2023-04,6,1,5,2023-04-28 11:12:27,2023-04-28 15:47:25,16.67
48,2023-05,14,2,10,2023-05-11 13:42:17,2023-05-31 10:40:30,14.29
48,2023-06,14,2,11,2023-06-01 16:48:02,2023-06-30 09:53:32,14.29
48,2023-07,1,0,1,2023-07-03 10:37:48,2023-07-03 10:37:48,0.0
48,2023-08,7,0,7,2023-08-07 14:40:53,2023-08-14 09:41:31,0.0
48,2023-10,3,0,3,2023-10-30 14:08:10,2023-10-31 14:00:16,0.0
48,2023-11,11,1,10,2023-11-02 11:59:45,2023-11-30 12:25:31,9.09
48,2023-12,9,2,8,2023-12-01 11:00:45,2023-12-12 10:22:48,22.22
48,2024-02,10,2,10,2024-02-20 09:14:17,2024-02-26 10:06:19,20.0
48,2024-03,14,2,14,2024-03-05 10:29:05,2024-03-29 13:06:47,14.29
48,2024-04,14,2,12,2024-04-02 09:22:38,2024-04-18 10:56:57,14.29
48,2024-11,6,2,6,2024-11-19 11:41:48,2024-11-28 09:46:46,33.33
48,2024-12,22,5,20,2024-12-02 11:23:11,2024-12-30 14:35:29,22.73
48,2025-01,20,1,18,2025-01-02 14:16:26,2025-01-31 11:15:51,5.0
48,2025-02,27,3,22,2025-02-03 09:23:07,2025-02-26 12:31:54,11.11
48,2025-03,25,6,20,2025-03-03 10:17:42,2025-03-31 13:16:10,24.0
48,2025-04,9,3,9,2025-04-01 10:14:06,2025-04-11 13:53:45,33.33
48,2025-05,6,2,6,2025-05-27 13:37:39,2025-05-29 12:12:13,33.33
48,2025-06,27,2,22,2025-06-02 10:26:31,2025-06-27 14:19:26,7.41
48,2025-07,19,2,15,2025-07-01 12:13:59,2025-07-30 11:20:20,10.53
48,2025-08,18,4,15,2025-08-01 10:44:58,2025-08-28 15:50:14,22.22
48,2025-09,29,8,25,2025-09-01 10:03:33,2025-09-30 13:38:20,27.59
48,2025-10,16,4,14,2025-10-01 13:54:49,2025-10-28 09:17:40,25.0
49,2023-04,6,0,5,2023-04-25 09:21:05,2023-04-28 15:29:22,0.0
49,2023-05,14,2,12,2023-05-12 09:31:10,2023-05-31 12:32:25,14.29
49,2023-06,9,0,8,2023-06-12 14:32:59,2023-06-30 10:22:34,0.0
49,2023-08,10,3,10,2023-08-04 09:34:16,2023-08-16 12:10:26,30.0
49,2023-10,8,0,8,2023-10-27 11:04:32,2023-10-31 14:38:41,0.0
49,2023-11,15,1,14,2023-11-02 09:15:11,2023-11-30 15:32:43,6.67
49,2023-12,12,0,12,2023-12-04 12:39:09,2023-12-13 12:23:04,0.0
49,2024-02,7,1,7,2024-02-20 13:33:41,2024-02-22 12:27:14,14.29
49,2024-03,11,3,11,2024-03-05 12:59:06,2024-03-29 11:23:01,27.27
49,2024-04,9,0,9,2024-04-02 13:37:25,2024-04-18 10:45:51,0.0
49,2024-11,12,2,12,2024-11-19 11:56:38,2024-11-29 15:05:08,16.67
49,2024-12,14,1,13,2024-12-02 11:18:49,2024-12-27 14:14:48,7.14
49,2025-01,18,3,18,2025-01-07 14:15:07,2025-01-29 09:59:10,16.67
49,2025-02,24,1,21,2025-02-03 11:04:55,2025-02-25 15:49:25,4.17
49,2025-03,24,1,21,2025-03-03 10:01:56,2025-03-31 11:28:01,4.17
49,2025-04,14,1,13,2025-04-01 11:37:12,2025-04-11 14:35:50,7.14
49,2025-05,7,1,7,2025-05-27 13:19:02,2025-05-30 14:54:17,14.29
49,2025-06,27,2,25,2025-06-02 10:18:31,2025-06-30 15:17:52,7.41
49,2025-07,25,1,19,2025-07-01 09:09:25,2025-07-31 15:09:21,4.0
49,2025-08,14,2,12,2025-08-01 12:54:04,2025-08-28 09:19:56,14.29
49,2025-09,26,4,23,2025-09-03 09:43:22,2025-09-30 11:05:09,15.38
49,2025-10,16,4,13,2025-10-01 12:32:01,2025-10-28 11:12:21,25.0
51,2023-04,22,10,17,2023-04-24 10:31:02,2023-04-28 15:47:08,45.45
51,2023-05,41,8,36,2023-05-11 15:22:28,2023-05-31 13:40:01,19.51
51,2023-06,38,4,33,2023-06-02 09:20:03,2023-06-30 13:15:58,10.53
51,2023-07,6,1,6,2023-07-03 09:23:05,2023-07-04 14:56:40,16.67
51,2023-10,5,1,5,2023-10-25 09:05:54,2023-10-27 11:48:24,20.0
51,2023-11,20,2,17,2023-11-06 14:18:32,2023-11-30 10:51:45,10.0
51,2023-12,9,1,9,2023-12-04 10:13:56,2023-12-12 10:54:21,11.11
51,2024-01,1,0,1,2024-01-08 14:45:04,2024-01-08 14:45:04,0.0
51,2024-02,94,9,75,2024-02-06 13:04:07,2024-02-26 13:13:05,9.57
51,2024-03,72,3,60,2024-03-05 10:30:51,2024-03-27 13:29:33,4.17
51,2024-04,18,0,18,2024-04-02 11:29:09,2024-04-16 14:29:35,0.0
51,2024-05,16,3,16,2024-05-17 15:52:13,2024-05-21 14:44:09,18.75
51,2024-11,17,2,17,2024-11-15 13:19:37,2024-11-29 10:13:42,11.76
51,2024-12,31,4,28,2024-12-02 09:46:13,2024-12-31 11:31:44,12.9
51,2025-01,46,5,39,2025-01-03 10:59:39,2025-01-31 11:14:51,10.87
51,2025-02,39,2,36,2025-02-04 10:12:04,2025-02-28 15:42:10,5.13
51,2025-03,44,8,36,2025-03-03 09:31:19,2025-03-31 12:40:13,18.18
51,2025-04,16,4,15,2025-04-01 14:36:23,2025-04-14 09:37:33,25.0
51,2025-06,16,5,16,2025-06-18 15:33:22,2025-06-30 10:31:21,31.25
51,2025-07,31,4,28,2025-07-02 09:10:40,2025-07-29 10:17:22,12.9
51,2025-08,34,8,28,2025-08-01 10:15:30,2025-08-29 15:53:18,23.53
51,2025-09,27,3,25,2025-09-01 09:17:51,2025-09-30 10:15:27,11.11
51,2025-10,28,4,26,2025-10-01 10:30:32,2025-10-27 10:27:04,14.29
52,2023-04,15,8,14,2023-04-25 08:28:09,2023-04-28 15:52:46,53.33
52,2023-05,35,7,30,2023-05-12 14:35:36,2023-05-31 13:33:32,20.0
52,2023-06,52,9,37,2023-06-01 09:24:05,2023-06-30 09:41:47,17.31
52,2023-07,3,2,3,2023-07-03 11:17:00,2023-07-04 13:45:15,66.67
52,2023-10,4,1,4,2023-10-25 10:41:40,2023-10-30 12:00:18,25.0
52,2023-11,14,4,14,2023-11-03 15:37:34,2023-11-29 13:34:28,28.57
52,2023-12,18,4,18,2023-12-01 09:39:13,2023-12-13 11:08:47,22.22
52,2024-01,1,0,1,2024-01-08 15:24:08,2024-01-08 15:24:08,0.0
52,2024-02,103,12,75,2024-02-06 13:04:53,2024-02-26 09:18:53,11.65
52,2024-03,68,6,53,2024-03-05 09:58:35,2024-03-29 09:30:44,8.82
52,2024-04,17,0,17,2024-04-02 10:28:39,2024-04-16 14:44:22,0.0
52,2024-05,27,4,27,2024-05-17 14:35:55,2024-05-21 14:27:35,14.81
52,2024-11,22,4,22,2024-11-15 13:24:56,2024-11-29 14:08:39,18.18
52,2024-12,43,5,35,2024-12-02 11:54:29,2024-12-31 12:38:29,11.63
52,2025-01,36,8,32,2025-01-07 09:18:20,2025-01-31 11:56:06,22.22
52,2025-02,33,6,30,2025-02-03 12:17:16,2025-02-28 14:13:28,18.18
52,2025-03,40,2,34,2025-03-03 10:56:47,2025-03-31 13:21:37,5.0
52,2025-04,20,3,20,2025-04-01 13:53:44,2025-04-10 11:57:21,15.0
52,2025-06,13,2,13,2025-06-20 13:35:25,2025-06-30 14:51:34,15.38
52,2025-07,44,4,41,2025-07-02 09:44:04,2025-07-31 14:34:29,9.09
52,2025-08,29,4,23,2025-08-04 11:11:53,2025-08-29 15:45:39,13.79
52,2025-09,36,1,31,2025-09-01 10:27:07,2025-09-29 10:48:33,2.78
52,2025-10,33,4,33,2025-10-02 11:36:57,2025-10-27 12:02:47,12.12
54,2023-04,14,0,13,2023-04-25 09:14:13,2023-04-28 15:50:32,0.0
54,2023-05,39,0,31,2023-05-12 10:53:12,2023-05-31 10:38:35,0.0
54,2023-06,48,2,36,2023-06-01 10:15:23,2023-06-30 13:47:24,4.17
54,2023-07,4,0,4,2023-07-03 13:12:00,2023-07-04 14:10:57,0.0
54,2023-10,7,0,7,2023-10-25 09:58:49,2023-10-30 09:18:21,0.0
54,2023-11,10,0,10,2023-11-07 09:45:15,2023-11-27 13:21:33,0.0
54,2023-12,18,1,18,2023-12-01 10:55:12,2023-12-12 15:07:11,5.56
54,2024-02,99,0,77,2024-02-06 13:22:01,2024-02-26 15:36:47,0.0
54,2024-03,59,0,50,2024-03-05 14:31:30,2024-03-28 14:25:32,0.0
54,2024-04,16,0,16,2024-04-02 12:30:37,2024-04-18 11:26:02,0.0
54,2024-05,21,1,21,2024-05-17 15:57:01,2024-05-21 14:41:45,4.76
54,2024-11,19,0,19,2024-11-18 10:30:58,2024-11-29 13:40:04,0.0
54,2024-12,25,0,25,2024-12-02 14:26:56,2024-12-31 12:27:37,0.0
54,2025-01,34,1,31,2025-01-02 10:35:23,2025-01-30 11:38:02,2.94
54,2025-02,47,1,39,2025-02-03 09:08:54,2025-02-27 12:46:13,2.13
54,2025-03,42,1,39,2025-03-03 10:39:33,2025-03-27 15:34:45,2.38
54,2025-04,19,1,19,2025-04-01 10:13:39,2025-04-11 13:58:37,5.26
54,2025-06,11,0,11,2025-06-20 10:51:52,2025-06-30 14:32:53,0.0
54,2025-07,39,1,33,2025-07-01 15:29:12,2025-07-31 12:04:45,2.56
54,2025-08,35,5,31,2025-08-01 11:06:57,2025-08-29 12:42:36,14.29
54,2025-09,35,2,30,2025-09-01 14:27:13,2025-09-30 15:34:00,5.71
54,2025-10,32,1,29,2025-10-01 10:50:25,2025-10-28 10:15:08,3.12
62,2023-04,6,6,5,2023-04-28 15:22:48,2023-04-28 16:00:29,100.0
62,2023-05,10,4,8,2023-05-12 12:21:33,2023-05-30 15:18:17,40.0
62,2023-06,10,4,10,2023-06-01 13:55:45,2023-06-28 11:48:37,40.0
62,2023-07,1,0,1,2023-07-04 12:17:44,2023-07-04 12:17:44,0.0
62,2023-08,7,1,7,2023-08-04 10:18:06,2023-08-16 10:25:20,14.29
62,2023-10,5,3,5,2023-10-26 15:34:32,2023-10-31 10:28:10,60.0
62,2023-11,13,5,11,2023-11-02 09:13:12,2023-11-29 13:29:33,38.46
62,2023-12,12,3,12,2023-12-04 09:28:59,2023-12-13 12:50:39,25.0
62,2024-02,7,0,7,2024-02-19 13:19:11,2024-02-23 11:33:41,0.0
62,2024-03,10,2,10,2024-03-05 13:29:36,2024-03-29 13:55:57,20.0
62,2024-04,8,3,8,2024-04-03 13:37:03,2024-04-17 13:27:57,37.5
62,2024-11,11,4,11,2024-11-18 09:44:09,2024-11-29 14:14:56,36.36
62,2024-12,28,14,24,2024-12-03 15:28:31,2024-12-31 12:42:01,50.0
62,2025-01,22,7,16,2025-01-02 09:15:32,2025-01-31 09:29:36,31.82
62,2025-02,28,7,21,2025-02-04 15:16:00,2025-02-27 13:17:08,25.0
62,2025-03,28,5,21,2025-03-03 09:22:06,2025-03-28 14:54:14,17.86
62,2025-04,9,3,9,2025-04-01 15:23:53,2025-04-10 11:47:38,33.33
62,2025-05,7,1,7,2025-05-28 10:11:43,2025-05-29 15:00:19,14.29
62,2025-06,13,1,13,2025-06-02 14:09:02,2025-06-11 12:26:48,7.69
65,2023-04,23,1,19,2023-04-25 08:45:19,2023-04-28 15:45:03,4.35
65,2023-05,35,1,28,2023-05-12 14:27:40,2023-05-31 11:40:59,2.86
65,2023-06,30,4,24,2023-06-02 10:50:41,2023-06-30 09:44:39,13.33
65,2023-07,5,0,5,2023-07-03 10:47:15,2023-07-04 11:35:17,0.0
65,2023-10,1,0,1,2023-10-26 11:58:14,2023-10-26 11:58:14,0.0
65,2023-11,17,3,15,2023-11-06 10:16:29,2023-11-30 09:59:58,17.65
65,2023-12,15,2,15,2023-12-01 10:13:47,2023-12-13 13:24:13,13.33
65,2024-01,1,0,1,2024-01-08 15:07:55,2024-01-08 15:07:55,0.0
65,2024-03,3,0,3,2024-03-28 15:17:28,2024-03-29 15:27:46,0.0
65,2024-04,13,2,13,2024-04-02 13:20:33,2024-04-17 11:05:55,15.38
65,2024-09,26,2,24,2024-09-20 12:21:18,2024-09-30 16:31:08,7.69
65,2024-10,24,2,24,2024-10-01 15:03:15,2024-10-11 10:15:04,8.33
65,2024-11,17,1,17,2024-11-19 09:23:34,2024-11-29 10:52:21,5.88
65,2024-12,27,2,24,2024-12-02 13:51:40,2024-12-30 12:26:55,7.41
65,2025-01,24,3,23,2025-01-03 12:49:26,2025-01-28 15:16:23,12.5
65,2025-02,21,4,20,2025-02-04 15:39:28,2025-02-28 15:00:32,19.05
65,2025-03,34,6,29,2025-03-03 12:09:07,2025-03-31 10:59:55,17.65
65,2025-04,10,0,10,2025-04-01 11:54:42,2025-04-11 11:31:20,0.0
65,2025-06,8,1,8,2025-06-20 09:59:02,2025-06-26 12:33:03,12.5
65,2025-07,32,4,28,2025-07-01 13:10:01,2025-07-30 15:06:20,12.5
65,2025-08,26,5,24,2025-08-01 11:24:27,2025-08-29 13:23:09,19.23
65,2025-09,20,3,17,2025-09-02 12:28:38,2025-09-30 13:42:58,15.0
65,2025-10,19,0,17,2025-10-02 10:44:48,2025-10-27 15:57:32,0.0
66,2023-04,22,10,16,2023-04-25 08:54:27,2023-04-28 15:57:36,45.45
66,2023-05,26,12,24,2023-05-11 15:09:33,2023-05-31 12:19:55,46.15
66,2023-06,28,14,23,2023-06-02 13:57:50,2023-06-29 15:56:30,50.0
66,2023-07,2,1,2,2023-07-03 14:38:18,2023-07-03 16:06:54,50.0
66,2023-10,4,4,4,2023-10-26 14:50:04,2023-10-27 12:02:25,100.0
66,2023-11,12,7,12,2023-11-03 14:57:43,2023-11-30 15:25:09,58.33
66,2023-12,17,9,17,2023-12-01 11:00:10,2023-12-13 13:40:00,52.94
66,2024-04,11,8,10,2024-04-02 14:30:44,2024-04-16 15:03:07,72.73
66,2024-09,30,18,26,2024-09-20 11:16:47,2024-09-30 15:29:16,60.0
66,2024-10,23,12,22,2024-10-01 15:02:34,2024-10-10 14:45:35,52.17
66,2024-11,11,7,11,2024-11-15 15:15:31,2024-11-27 11:34:32,63.64
66,2024-12,22,13,21,2024-12-03 09:18:00,2024-12-31 10:02:00,59.09
66,2025-01,21,13,20,2025-01-07 11:40:58,2025-01-31 15:09:11,61.9
66,2025-02,21,16,18,2025-02-05 11:41:17,2025-02-28 14:32:20,76.19
66,2025-03,22,11,20,2025-03-03 09:05:07,2025-03-31 09:26:03,50.0
66,2025-04,13,11,13,2025-04-01 09:34:58,2025-04-14 09:36:43,84.62
67,2023-04,15,5,10,2023-04-25 08:28:03,2023-04-28 15:50:43,33.33
67,2023-05,37,21,30,2023-05-11 14:34:56,2023-05-31 12:01:54,56.76
67,2023-06,26,10,21,2023-06-02 09:43:44,2023-06-30 10:35:35,38.46
67,2023-07,2,0,2,2023-07-04 09:05:32,2023-07-04 11:13:23,0.0
67,2023-10,7,4,7,2023-10-25 09:39:41,2023-10-27 11:39:32,57.14
67,2023-11,11,3,10,2023-11-06 12:22:58,2023-11-30 10:01:34,27.27
67,2023-12,10,3,9,2023-12-01 09:36:42,2023-12-13 09:53:15,30.0
67,2024-04,10,3,10,2024-04-05 14:37:51,2024-04-17 10:39:17,30.0
67,2024-09,28,12,25,2024-09-20 11:03:36,2024-09-30 15:31:30,42.86
67,2024-10,23,6,23,2024-10-02 11:32:19,2024-10-10 15:00:43,26.09
67,2024-11,8,1,8,2024-11-15 14:02:52,2024-11-28 15:11:21,12.5
67,2024-12,23,7,21,2024-12-02 14:24:37,2024-12-31 11:06:56,30.43
67,2025-01,33,14,24,2025-01-02 11:47:44,2025-01-31 09:47:50,42.42
67,2025-02,22,9,22,2025-02-03 09:48:00,2025-02-28 14:59:03,40.91
67,2025-03,27,10,21,2025-03-03 13:20:55,2025-03-31 14:43:58,37.04
67,2025-04,10,5,10,2025-04-04 12:12:30,2025-04-11 14:50:14,50.0
67,2025-06,7,3,6,2025-06-20 14:13:32,2025-06-30 14:09:14,42.86
67,2025-07,33,9,26,2025-07-01 12:02:59,2025-07-31 10:42:10,27.27
67,2025-08,22,9,20,2025-08-01 13:39:58,2025-08-29 09:13:43,40.91
67,2025-09,21,10,19,2025-09-01 12:01:54,2025-09-29 10:07:31,47.62
67,2025-10,17,9,16,2025-10-02 09:29:51,2025-10-28 10:31:34,52.94
68,2023-04,22,0,15,2023-04-25 08:55:22,2023-04-28 15:45:35,0.0
68,2023-05,34,0,28,2023-05-12 09:25:01,2023-05-31 14:56:29,0.0
68,2023-06,32,0,24,2023-06-01 10:48:00,2023-06-29 14:07:40,0.0
68,2023-07,6,0,6,2023-07-03 12:33:56,2023-07-05 09:40:45,0.0
68,2023-10,3,0,3,2023-10-25 09:12:49,2023-10-26 09:47:57,0.0
68,2023-11,16,0,15,2023-11-03 14:56:02,2023-11-30 15:54:14,0.0
68,2023-12,10,1,10,2023-12-01 13:15:59,2023-12-12 15:40:35,10.0
68,2024-03,4,1,4,2024-03-28 09:59:35,2024-03-29 12:15:24,25.0
68,2024-04,15,0,14,2024-04-02 09:52:45,2024-04-18 11:54:17,0.0
68,2024-09,29,0,25,2024-09-20 10:33:05,2024-09-30 15:16:20,0.0
68,2024-10,23,1,23,2024-10-01 11:44:41,2024-10-11 10:21:27,4.35
68,2024-11,7,1,7,2024-11-18 10:40:59,2024-11-27 13:24:35,14.29
68,2024-12,29,3,22,2024-12-02 11:41:55,2024-12-31 12:44:30,10.34
68,2025-01,21,1,20,2025-01-02 09:23:16,2025-01-31 09:59:20,4.76
68,2025-02,24,1,22,2025-02-03 09:39:32,2025-02-27 14:51:06,4.17
68,2025-03,26,0,20,2025-03-04 11:14:57,2025-03-31 14:48:39,0.0
68,2025-04,15,1,15,2025-04-01 11:23:28,2025-04-11 13:26:00,6.67
68,2025-06,11,0,11,2025-06-20 12:33:59,2025-06-30 13:18:27,0.0
68,2025-07,35,4,27,2025-07-04 14:15:41,2025-07-31 12:17:49,11.43
68,2025-08,14,0,12,2025-08-01 13:42:07,2025-08-28 14:02:01,0.0
68,2025-09,29,2,26,2025-09-01 09:17:49,2025-09-30 11:35:43,6.9
68,2025-10,15,0,14,2025-10-01 10:26:12,2025-10-27 10:33:01,0.0
69,2023-04,29,5,20,2023-04-25 08:26:22,2023-04-28 15:52:46,17.24
69,2023-05,26,4,26,2023-05-11 14:11:07,2023-05-31 09:21:01,15.38
69,2023-06,26,5,20,2023-06-01 10:33:46,2023-06-29 12:56:06,19.23
69,2023-07,1,0,1,2023-07-03 11:01:02,2023-07-03 11:01:02,0.0
69,2023-10,4,0,4,2023-10-25 09:32:51,2023-10-25 11:55:15,0.0
69,2023-11,19,3,18,2023-11-03 15:07:48,2023-11-30 11:51:25,15.79
69,2023-12,11,3,11,2023-12-05 09:48:02,2023-12-12 13:10:45,27.27
69,2024-03,4,2,4,2024-03-28 09:53:30,2024-03-28 14:34:19,50.0
69,2024-04,14,3,13,2024-04-02 11:29:33,2024-04-18 10:47:20,21.43
69,2024-09,23,7,22,2024-09-20 11:13:53,2024-09-30 12:23:36,30.43
69,2024-10,27,6,24,2024-10-01 09:26:25,2024-10-11 10:58:58,22.22
69,2024-11,8,1,8,2024-11-18 09:48:40,2024-11-26 10:51:05,12.5
69,2024-12,22,4,20,2024-12-04 14:26:25,2024-12-31 09:15:51,18.18
69,2025-01,24,9,22,2025-01-02 13:13:04,2025-01-31 14:54:31,37.5
69,2025-02,23,4,22,2025-02-03 12:20:49,2025-02-24 13:24:24,17.39
69,2025-03,32,3,26,2025-03-03 12:14:43,2025-03-31 11:00:48,9.38
69,2025-04,9,1,9,2025-04-02 09:49:00,2025-04-11 11:23:45,11.11
69,2025-06,12,0,12,2025-06-18 15:39:26,2025-06-30 13:14:45,0.0
69,2025-07,31,2,28,2025-07-01 10:23:38,2025-07-29 10:45:15,6.45
69,2025-08,31,4,24,2025-08-05 09:58:53,2025-08-28 16:07:20,12.9
69,2025-09,21,4,21,2025-09-01 12:01:38,2025-09-29 11:59:28,19.05
69,2025-10,20,3,18,2025-10-01 10:37:56,2025-10-27 11:09:43,15.0
70,2023-04,23,3,16,2023-04-25 08:33:46,2023-04-28 15:58:59,13.04
70,2023-05,37,5,31,2023-05-11 15:51:54,2023-05-31 15:16:01,13.51
70,2023-06,32,4,26,2023-06-01 09:44:07,2023-06-30 12:17:43,12.5
70,2023-07,3,0,3,2023-07-03 09:06:29,2023-07-03 13:23:54,0.0
70,2023-10,5,1,5,2023-10-25 09:23:41,2023-10-27 10:23:56,20.0
70,2023-11,13,2,13,2023-11-07 11:25:46,2023-11-30 12:33:29,15.38
70,2023-12,7,1,7,2023-12-07 10:33:54,2023-12-13 12:17:14,14.29
70,2024-01,1,1,1,2024-01-08 14:27:45,2024-01-08 14:27:45,100.0
70,2024-03,5,1,5,2024-03-28 09:54:21,2024-03-29 15:57:11,20.0
70,2024-04,14,1,13,2024-04-03 09:29:23,2024-04-17 10:33:13,7.14
70,2024-09,28,5,27,2024-09-20 13:57:30,2024-09-30 13:47:01,17.86
70,2024-10,25,3,25,2024-10-01 10:29:43,2024-10-10 14:45:53,12.0
70,2024-11,7,1,7,2024-11-15 13:41:51,2024-11-28 10:49:24,14.29
70,2024-12,31,2,27,2024-12-02 09:57:57,2024-12-31 13:25:28,6.45
70,2025-01,25,2,18,2025-01-02 10:08:47,2025-01-31 10:08:34,8.0
70,2025-02,26,6,25,2025-02-03 09:13:31,2025-02-27 13:45:17,23.08
70,2025-03,30,5,25,2025-03-03 09:52:01,2025-03-31 14:44:21,16.67
70,2025-04,18,7,18,2025-04-01 10:14:20,2025-04-11 13:22:55,38.89
70,2025-06,11,0,11,2025-06-23 09:39:47,2025-06-27 10:04:00,0.0
70,2025-07,19,8,17,2025-07-02 12:39:39,2025-07-28 10:05:31,42.11
70,2025-08,21,4,17,2025-08-01 09:45:16,2025-08-29 12:50:56,19.05
70,2025-09,23,7,22,2025-09-01 11:13:38,2025-09-30 13:45:30,30.43
70,2025-10,22,7,20,2025-10-01 10:27:44,2025-10-28 13:01:05,31.82
71,2023-04,24,14,22,2023-04-25 08:22:57,2023-04-28 15:59:12,58.33
71,2023-05,30,9,29,2023-05-12 09:17:06,2023-05-31 10:49:28,30.0
71,2023-06,35,6,24,2023-06-02 10:04:21,2023-06-30 11:58:05,17.14
71,2023-07,1,0,1,2023-07-03 14:54:00,2023-07-03 14:54:00,0.0
71,2023-10,4,1,4,2023-10-25 10:33:26,2023-10-26 12:27:15,25.0
71,2023-11,12,2,11,2023-11-06 09:10:27,2023-11-28 13:33:54,16.67
71,2023-12,12,5,12,2023-12-01 09:44:14,2023-12-13 10:34:09,41.67
71,2024-04,19,5,16,2024-04-02 09:17:38,2024-04-16 11:03:02,26.32
71,2024-09,27,13,25,2024-09-20 10:21:11,2024-09-30 13:30:58,48.15
71,2024-10,29,10,28,2024-10-01 09:43:50,2024-10-11 11:03:28,34.48
71,2024-11,16,7,16,2024-11-15 13:28:07,2024-11-29 13:16:19,43.75
71,2024-12,23,6,19,2024-12-03 10:51:57,2024-12-31 12:00:16,26.09
71,2025-01,26,5,23,2025-01-02 09:15:25,2025-01-31 14:12:39,19.23
71,2025-02,21,5,20,2025-02-03 11:19:44,2025-02-26 10:57:29,23.81
71,2025-03,30,6,24,2025-03-05 10:12:08,2025-03-28 14:58:40,20.0
71,2025-04,12,2,12,2025-04-01 09:41:16,2025-04-11 11:41:47,16.67
71,2025-06,5,0,5,2025-06-23 09:34:23,2025-06-30 12:11:48,0.0
71,2025-07,22,9,21,2025-07-01 11:39:11,2025-07-31 10:21:15,40.91
71,2025-08,31,12,25,2025-08-01 10:54:58,2025-08-27 12:05:18,38.71
71,2025-09,29,9,25,2025-09-02 09:46:42,2025-09-30 14:26:47,31.03
71,2025-10,23,11,21,2025-10-01 10:40:05,2025-10-27 14:21:45,47.83
73,2023-04,3,0,2,2023-04-28 15:16:50,2023-04-28 15:29:30,0.0
73,2023-05,13,3,10,2023-05-11 14:32:09,2023-05-31 10:30:08,23.08
73,2023-06,9,5,9,2023-06-16 10:37:40,2023-06-28 11:49:41,55.56
73,2023-07,1,0,1,2023-07-04 15:28:00,2023-07-04 15:28:00,0.0
73,2023-08,10,3,10,2023-08-07 10:22:23,2023-08-16 11:05:24,30.0
73,2023-10,5,2,5,2023-10-26 13:13:28,2023-10-31 13:50:25,40.0
73,2023-11,14,4,13,2023-11-02 11:15:18,2023-11-30 13:30:44,28.57
73,2023-12,7,2,7,2023-12-04 09:13:07,2023-12-12 15:42:59,28.57
73,2024-02,6,2,6,2024-02-21 16:01:15,2024-02-26 13:51:09,33.33
73,2024-03,17,6,16,2024-03-05 11:37:48,2024-03-29 14:03:29,35.29
73,2024-04,13,5,13,2024-04-02 10:41:15,2024-04-18 11:39:03,38.46
73,2024-11,9,3,9,2024-11-20 14:29:48,2024-11-29 12:39:58,33.33
73,2024-12,21,9,20,2024-12-02 13:59:20,2024-12-30 11:43:56,42.86
73,2025-01,25,9,21,2025-01-03 10:14:56,2025-01-31 13:19:15,36.0
73,2025-02,17,6,17,2025-02-03 09:11:47,2025-02-28 13:28:55,35.29
73,2025-03,27,15,24,2025-03-03 10:29:39,2025-03-31 15:21:21,55.56
73,2025-04,8,4,8,2025-04-01 09:04:07,2025-04-11 11:34:27,50.0
73,2025-05,7,5,7,2025-05-27 13:19:31,2025-05-30 11:27:54,71.43
73,2025-06,14,10,14,2025-06-02 12:58:54,2025-06-30 12:31:02,71.43
73,2025-07,23,10,19,2025-07-02 10:11:40,2025-07-28 09:59:00,43.48
73,2025-08,21,14,17,2025-08-01 12:39:30,2025-08-28 14:12:43,66.67
73,2025-09,27,11,22,2025-09-01 13:12:16,2025-09-29 11:52:24,40.74
73,2025-10,21,11,18,2025-10-01 09:45:28,2025-10-24 14:43:54,52.38
74,2023-04,5,0,4,2023-04-25 09:01:32,2023-04-28 15:48:26,0.0
74,2023-05,11,0,10,2023-05-16 10:26:52,2023-05-29 15:31:19,0.0
74,2023-06,8,0,6,2023-06-02 09:49:58,2023-06-29 13:08:06,0.0
74,2023-07,2,0,2,2023-07-03 09:01:25,2023-07-03 11:53:13,0.0
74,2023-08,9,0,8,2023-08-03 15:16:38,2023-08-16 09:40:04,0.0
74,2023-10,4,0,4,2023-10-27 09:57:46,2023-10-31 11:10:47,0.0
74,2023-11,10,0,10,2023-11-02 15:31:07,2023-11-30 14:48:32,0.0
74,2023-12,17,1,17,2023-12-01 10:02:35,2023-12-13 13:17:59,5.88
74,2024-02,7,1,7,2024-02-19 13:44:32,2024-02-26 09:31:35,14.29
74,2024-03,15,0,15,2024-03-05 09:37:14,2024-03-14 11:45:59,0.0
74,2024-04,19,0,16,2024-04-02 14:09:47,2024-04-18 12:22:19,0.0
74,2024-11,13,0,13,2024-11-18 09:50:12,2024-11-29 15:31:05,0.0
74,2024-12,21,1,19,2024-12-02 10:14:07,2024-12-31 11:27:16,4.76
74,2025-01,31,0,25,2025-01-07 12:11:24,2025-01-31 15:02:42,0.0
74,2025-02,22,2,17,2025-02-03 10:17:16,2025-02-25 13:27:44,9.09
74,2025-03,25,1,21,2025-03-03 09:45:25,2025-03-31 13:48:33,4.0
74,2025-04,8,0,8,2025-04-03 11:36:44,2025-04-10 10:28:40,0.0
74,2025-05,5,0,5,2025-05-27 12:05:41,2025-05-30 12:04:53,0.0
74,2025-06,16,0,16,2025-06-03 12:07:46,2025-06-30 13:09:53,0.0
74,2025-07,26,0,22,2025-07-02 11:14:21,2025-07-31 13:28:12,0.0
74,2025-08,19,2,18,2025-08-05 09:32:31,2025-08-29 13:55:01,10.53
74,2025-09,15,2,13,2025-09-02 11:55:40,2025-09-30 09:04:39,13.33
74,2025-10,17,0,14,2025-10-02 10:33:35,2025-10-27 10:12:33,0.0
75,2023-04,6,4,5,2023-04-25 08:34:16,2023-04-28 15:58:50,66.67
75,2023-05,6,1,6,2023-05-11 16:01:14,2023-05-25 15:57:07,16.67
75,2023-06,8,0,7,2023-06-02 12:33:15,2023-06-30 12:46:05,0.0
75,2023-08,11,1,11,2023-08-04 12:41:23,2023-08-16 09:31:20,9.09
75,2023-10,5,1,5,2023-10-26 14:32:51,2023-10-31 15:06:40,20.0
75,2023-11,13,6,10,2023-11-02 09:54:34,2023-11-30 13:57:07,46.15
75,2023-12,6,3,6,2023-12-01 11:40:38,2023-12-13 13:54:09,50.0
75,2024-02,9,3,9,2024-02-19 12:39:22,2024-02-26 10:09:03,33.33
75,2024-03,12,1,12,2024-03-07 15:37:03,2024-03-28 13:11:07,8.33
75,2024-04,14,5,14,2024-04-02 12:24:24,2024-04-18 12:38:45,35.71
75,2024-11,14,6,14,2024-11-18 09:17:42,2024-11-28 09:44:09,42.86
75,2024-12,22,10,20,2024-12-03 10:02:40,2024-12-30 12:53:44,45.45
75,2025-01,22,4,20,2025-01-02 10:44:09,2025-01-31 11:25:18,18.18
75,2025-02,24,5,21,2025-02-03 12:07:09,2025-02-28 12:27:40,20.83
75,2025-03,24,3,21,2025-03-03 10:34:41,2025-03-27 09:23:26,12.5
75,2025-04,17,4,17,2025-04-01 12:06:12,2025-04-14 09:14:22,23.53
75,2025-05,9,2,9,2025-05-27 11:58:21,2025-05-30 10:54:03,22.22
75,2025-06,25,3,20,2025-06-02 10:42:26,2025-06-30 11:45:43,12.0
75,2025-07,18,3,15,2025-07-01 10:43:09,2025-07-31 14:44:57,16.67
75,2025-08,24,2,21,2025-08-01 10:02:18,2025-08-29 13:44:07,8.33
75,2025-09,10,3,9,2025-09-01 14:16:00,2025-09-19 09:05:28,30.0
75,2025-10,16,4,15,2025-10-03 15:54:55,2025-10-28 11:53:02,25.0
76,2023-04,1,0,1,2023-04-28 11:26:44,2023-04-28 11:26:44,0.0
76,2023-05,10,0,10,2023-05-12 15:36:48,2023-05-30 13:51:59,0.0
76,2023-06,15,0,11,2023-06-01 10:15:54,2023-06-30 13:34:58,0.0
76,2023-08,8,0,7,2023-08-04 10:03:52,2023-08-16 12:27:18,0.0
76,2023-10,4,0,4,2023-10-27 12:10:09,2023-10-31 12:07:02,0.0
76,2023-11,14,0,13,2023-11-02 10:08:29,2023-11-30 09:39:09,0.0
76,2023-12,10,0,10,2023-12-01 14:14:13,2023-12-13 10:08:26,0.0
76,2024-02,9,0,9,2024-02-19 12:09:55,2024-02-26 14:20:24,0.0
76,2024-03,16,0,15,2024-03-05 11:45:06,2024-03-29 13:56:04,0.0
76,2024-04,10,1,10,2024-04-02 11:43:49,2024-04-15 12:20:20,10.0
76,2024-11,12,0,11,2024-11-18 12:09:01,2024-11-29 14:30:24,0.0
76,2024-12,23,0,20,2024-12-02 11:16:00,2024-12-30 15:22:29,0.0
76,2025-01,23,0,21,2025-01-03 09:20:45,2025-01-31 15:56:05,0.0
76,2025-02,18,0,18,2025-02-03 14:42:44,2025-02-28 14:40:38,0.0
76,2025-03,25,2,21,2025-03-03 09:22:37,2025-03-31 14:39:17,8.0
76,2025-04,9,0,9,2025-04-02 09:44:56,2025-04-10 12:26:45,0.0
76,2025-05,5,0,5,2025-05-28 11:48:16,2025-05-30 10:40:57,0.0
76,2025-06,20,1,15,2025-06-02 12:00:36,2025-06-30 16:01:37,5.0
76,2025-07,23,2,18,2025-07-01 09:31:51,2025-07-31 10:37:59,8.7
76,2025-08,19,0,15,2025-08-05 11:34:12,2025-08-29 10:00:54,0.0
76,2025-09,27,0,23,2025-09-01 15:48:44,2025-09-29 13:09:15,0.0
76,2025-10,16,1,12,2025-10-06 11:04:11,2025-10-28 11:34:33,6.25
92,2023-04,13,1,10,2023-04-25 08:17:37,2023-04-28 15:49:56,7.69
92,2023-05,40,7,32,2023-05-11 15:33:00,2023-05-31 11:12:50,17.5
92,2023-06,34,9,27,2023-06-01 09:19:10,2023-06-30 11:24:56,26.47
92,2023-07,1,0,1,2023-07-04 15:52:16,2023-07-04 15:52:16,0.0
92,2023-08,8,3,8,2023-08-04 13:18:28,2023-08-09 13:38:50,37.5
92,2023-10,8,3,8,2023-10-25 10:44:02,2023-10-30 11:17:43,37.5
92,2023-11,17,3,17,2023-11-03 16:00:19,2023-11-30 13:48:32,17.65
92,2023-12,16,5,16,2023-12-01 09:06:13,2023-12-13 12:45:53,31.25
92,2024-02,6,0,6,2024-02-21 10:44:15,2024-02-23 10:01:04,0.0
92,2024-03,21,4,21,2024-03-05 11:23:49,2024-03-28 14:40:07,19.05
92,2024-04,17,7,16,2024-04-02 09:16:23,2024-04-18 10:53:08,41.18
92,2024-11,17,6,17,2024-11-15 12:56:29,2024-11-29 09:48:46,35.29
92,2024-12,28,12,23,2024-12-02 09:30:58,2024-12-31 10:03:23,42.86
92,2025-01,33,13,30,2025-01-02 11:39:14,2025-01-31 11:44:24,39.39
92,2025-02,39,16,35,2025-02-04 09:01:19,2025-02-27 11:30:48,41.03
92,2025-03,33,17,29,2025-03-03 14:29:11,2025-03-31 11:11:23,51.52
92,2025-04,12,5,12,2025-04-01 11:21:59,2025-04-14 09:22:57,41.67
92,2025-05,33,15,30,2025-05-19 09:38:17,2025-05-30 16:02:30,45.45
92,2025-06,49,22,40,2025-06-02 09:20:30,2025-06-30 09:46:03,44.9
92,2025-07,52,18,45,2025-07-01 09:09:21,2025-07-31 13:09:51,34.62
92,2025-08,31,12,28,2025-08-01 09:32:09,2025-08-29 10:33:14,38.71
92,2025-09,43,20,35,2025-09-01 10:11:24,2025-09-29 14:51:32,46.51
92,2025-10,37,20,33,2025-10-01 13:20:45,2025-10-27 12:18:15,54.05
94,2023-04,16,5,13,2023-04-25 08:54:33,2023-04-28 15:46:06,31.25
94,2023-05,32,14,28,2023-05-12 09:51:42,2023-05-31 12:15:50,43.75
94,2023-06,49,12,32,2023-06-01 09:12:19,2023-06-30 15:36:36,24.49
94,2023-07,6,1,6,2023-07-03 11:16:12,2023-07-04 14:56:40,16.67
94,2023-08,12,2,12,2023-08-03 15:56:29,2023-08-09 14:23:47,16.67
94,2023-10,9,3,9,2023-10-25 10:16:56,2023-10-27 12:22:58,33.33
94,2023-11,14,6,14,2023-11-06 11:40:09,2023-11-29 10:32:47,42.86
94,2023-12,16,4,16,2023-12-04 09:34:54,2023-12-13 13:52:26,25.0
94,2024-01,1,1,1,2024-01-08 15:02:21,2024-01-08 15:02:21,100.0
94,2024-02,15,4,15,2024-02-20 14:37:20,2024-02-26 15:43:14,26.67
94,2024-03,16,2,16,2024-03-05 15:36:26,2024-03-27 15:22:03,12.5
94,2024-04,15,2,15,2024-04-03 11:33:47,2024-04-18 11:44:38,13.33
94,2024-11,21,2,21,2024-11-15 14:21:07,2024-11-28 14:04:16,9.52
94,2024-12,31,3,28,2024-12-02 10:06:25,2024-12-31 12:32:06,9.68
94,2025-01,37,3,29,2025-01-02 09:12:29,2025-01-31 14:55:28,8.11
94,2025-02,33,6,28,2025-02-03 09:12:20,2025-02-28 09:13:58,18.18
94,2025-03,42,6,34,2025-03-04 09:53:33,2025-03-31 10:31:31,14.29
94,2025-04,23,3,23,2025-04-01 10:32:54,2025-04-14 09:15:56,13.04
94,2025-05,29,2,29,2025-05-16 13:04:19,2025-05-30 13:01:21,6.9
94,2025-06,42,4,37,2025-06-02 10:42:58,2025-06-30 10:07:14,9.52
94,2025-07,38,2,31,2025-07-01 12:03:10,2025-07-31 14:24:21,5.26
94,2025-08,28,2,23,2025-08-01 12:17:16,2025-08-29 16:00:51,7.14
94,2025-09,36,3,31,2025-09-01 09:30:18,2025-09-30 11:25:16,8.33
94,2025-10,26,6,23,2025-10-01 14:01:02,2025-10-27 09:21:28,23.08
95,2023-04,14,1,12,2023-04-25 08:55:26,2023-04-28 15:48:40,7.14
95,2023-05,33,0,28,2023-05-11 14:41:07,2023-05-31 15:44:03,0.0
95,2023-06,44,2,34,2023-06-01 10:45:19,2023-06-30 10:40:37,4.55
95,2023-07,4,0,4,2023-07-03 09:17:41,2023-07-05 09:23:43,0.0
95,2023-08,7,1,7,2023-08-04 09:38:22,2023-08-09 09:14:56,14.29
95,2023-10,3,0,3,2023-10-25 11:01:10,2023-10-27 11:08:33,0.0
95,2023-11,21,1,21,2023-11-06 13:37:41,2023-11-30 15:13:14,4.76
95,2023-12,18,0,18,2023-12-01 10:10:26,2023-12-13 10:48:11,0.0
95,2024-02,8,0,8,2024-02-21 09:19:14,2024-02-26 10:33:46,0.0
95,2024-03,29,2,29,2024-03-06 10:32:10,2024-03-29 11:19:23,6.9
95,2024-04,22,2,21,2024-04-03 10:28:45,2024-04-18 11:15:22,9.09
95,2024-11,21,2,21,2024-11-15 13:35:18,2024-11-29 14:28:19,9.52
95,2024-12,28,0,27,2024-12-02 11:25:24,2024-12-31 13:46:40,0.0
95,2025-01,43,1,35,2025-01-03 09:23:41,2025-01-31 10:48:07,2.33
95,2025-02,38,1,33,2025-02-03 15:04:56,2025-02-28 13:49:33,2.63
95,2025-03,47,4,40,2025-03-03 11:55:33,2025-03-31 12:18:47,8.51
95,2025-04,24,0,24,2025-04-01 09:27:15,2025-04-14 09:08:40,0.0
95,2025-05,26,4,26,2025-05-16 13:32:18,2025-05-30 14:35:05,15.38
95,2025-06,53,5,45,2025-06-02 10:09:47,2025-06-30 10:48:01,9.43
95,2025-07,40,5,34,2025-07-01 12:56:28,2025-07-31 14:55:35,12.5
95,2025-08,30,3,28,2025-08-01 12:20:03,2025-08-27 09:42:09,10.0
95,2025-09,33,2,29,2025-09-01 13:16:24,2025-09-30 13:29:09,6.06
95,2025-10,37,4,34,2025-10-01 12:20:20,2025-10-28 13:08:09,10.81
96,2023-04,17,1,13,2023-04-28 11:04:06,2023-04-28 15:51:48,5.88
96,2023-05,45,6,36,2023-05-11 15:09:20,2023-05-31 12:49:24,13.33
96,2023-06,50,4,36,2023-06-01 10:31:55,2023-06-30 14:29:17,8.0
96,2023-07,7,1,7,2023-07-03 11:46:17,2023-07-04 15:03:08,14.29
96,2023-08,10,2,10,2023-08-04 09:14:06,2023-08-09 10:57:05,20.0
96,2023-10,9,1,9,2023-10-25 11:43:04,2023-10-27 09:49:33,11.11
96,2023-11,14,1,12,2023-11-06 13:23:13,2023-11-29 09:41:17,7.14
96,2023-12,14,2,14,2023-12-01 13:25:08,2023-12-12 15:22:30,14.29
96,2024-01,1,0,1,2024-01-08 14:34:30,2024-01-08 14:34:30,0.0
96,2024-02,14,2,14,2024-02-19 12:30:38,2024-02-26 15:42:50,14.29
96,2024-03,22,8,21,2024-03-05 12:52:47,2024-03-29 15:18:49,36.36
96,2024-04,19,1,18,2024-04-02 11:05:45,2024-04-17 14:28:27,5.26
96,2024-11,18,2,17,2024-11-15 14:26:28,2024-11-28 15:07:12,11.11
96,2024-12,33,2,27,2024-12-02 09:09:06,2024-12-31 11:04:31,6.06
96,2025-01,47,3,39,2025-01-02 09:16:08,2025-01-31 14:49:11,6.38
96,2025-02,36,4,30,2025-02-04 09:24:19,2025-02-28 14:09:06,11.11
96,2025-03,41,5,35,2025-03-03 10:37:26,2025-03-31 10:03:39,12.2
96,2025-04,13,3,13,2025-04-02 09:21:39,2025-04-09 15:57:46,23.08
96,2025-05,25,1,23,2025-05-16 12:43:09,2025-05-30 12:31:25,4.0
96,2025-06,45,5,37,2025-06-02 09:23:43,2025-06-30 09:58:33,11.11
96,2025-07,37,6,30,2025-07-03 11:56:49,2025-07-30 12:14:48,16.22
96,2025-08,30,3,27,2025-08-01 14:40:35,2025-08-28 14:57:37,10.0
96,2025-09,38,9,30,2025-09-01 10:05:04,2025-09-30 11:22:46,23.68
96,2025-10,20,3,17,2025-10-01 12:31:33,2025-10-28 13:26:02,15.0
97,2023-04,16,0,12,2023-04-25 08:44:24,2023-04-28 15:57:35,0.0
97,2023-05,37,1,31,2023-05-12 10:14:56,2023-05-31 09:15:03,2.7
97,2023-06,40,2,29,2023-06-01 10:21:04,2023-06-30 11:13:09,5.0
97,2023-07,6,1,6,2023-07-03 09:21:54,2023-07-04 11:32:44,16.67
97,2023-08,10,1,10,2023-08-03 15:53:19,2023-08-09 13:41:20,10.0
97,2023-10,5,1,5,2023-10-25 09:34:59,2023-10-27 09:35:10,20.0
97,2023-11,22,1,19,2023-11-03 15:18:33,2023-11-30 15:25:12,4.55
97,2023-12,11,1,11,2023-12-01 09:07:53,2023-12-12 13:32:27,9.09
97,2024-02,9,3,9,2024-02-19 15:40:50,2024-02-26 14:22:38,33.33
97,2024-03,17,1,16,2024-03-05 09:23:31,2024-03-28 13:43:33,5.88
97,2024-04,20,2,19,2024-04-02 09:48:15,2024-04-17 11:23:30,10.0
97,2024-11,22,1,22,2024-11-15 13:28:54,2024-11-29 09:42:17,4.55
97,2024-12,28,1,24,2024-12-02 09:06:25,2024-12-31 13:25:47,3.57
97,2025-01,42,1,35,2025-01-02 09:06:16,2025-01-31 11:50:38,2.38
97,2025-02,32,1,30,2025-02-05 10:17:55,2025-02-28 13:16:50,3.12
97,2025-03,32,1,30,2025-03-03 13:07:56,2025-03-31 14:06:54,3.12
97,2025-04,17,0,17,2025-04-01 10:09:10,2025-04-11 10:13:27,0.0
97,2025-05,37,2,36,2025-05-16 15:02:58,2025-05-30 10:30:39,5.41
97,2025-06,50,2,41,2025-06-02 10:58:18,2025-06-30 12:54:23,4.0
97,2025-07,48,3,38,2025-07-01 10:08:46,2025-07-31 13:40:39,6.25
97,2025-08,29,2,25,2025-08-01 15:15:10,2025-08-29 14:06:15,6.9
97,2025-09,22,1,20,2025-09-02 15:32:24,2025-09-30 15:16:21,4.55
97,2025-10,39,6,35,2025-10-01 11:17:19,2025-10-28 10:05:14,15.38
98,2023-04,15,7,12,2023-04-25 09:13:46,2023-04-28 15:41:51,46.67
98,2023-05,36,4,33,2023-05-11 14:28:23,2023-05-31 10:35:13,11.11
98,2023-06,43,18,28,2023-06-02 09:13:30,2023-06-30 10:37:03,41.86
98,2023-07,4,1,4,2023-07-03 11:32:14,2023-07-05 09:10:43,25.0
98,2023-08,12,5,12,2023-08-04 10:00:28,2023-08-09 13:34:15,41.67
98,2023-10,7,3,7,2023-10-25 12:16:22,2023-10-30 15:55:22,42.86
98,2023-11,10,2,10,2023-11-03 15:53:19,2023-11-30 14:48:05,20.0
98,2023-12,15,1,15,2023-12-04 14:19:33,2023-12-13 12:27:20,6.67
98,2024-02,9,0,9,2024-02-20 11:20:34,2024-02-26 15:34:39,0.0
98,2024-03,23,5,21,2024-03-05 11:19:04,2024-03-29 12:23:13,21.74
98,2024-04,17,7,16,2024-04-03 09:50:20,2024-04-18 11:28:45,41.18
98,2024-11,24,2,21,2024-11-15 13:26:15,2024-11-29 15:51:22,8.33
98,2024-12,40,12,36,2024-12-02 10:01:59,2024-12-31 13:46:39,30.0
98,2025-01,41,8,36,2025-01-02 09:53:20,2025-01-31 14:36:08,19.51
98,2025-02,34,7,31,2025-02-03 12:01:48,2025-02-28 12:42:16,20.59
98,2025-03,33,5,29,2025-03-03 09:17:18,2025-03-28 09:44:21,15.15
98,2025-04,18,4,17,2025-04-01 09:46:57,2025-04-11 13:15:39,22.22
98,2025-05,28,6,28,2025-05-16 14:04:32,2025-05-30 12:31:54,21.43
98,2025-06,50,7,40,2025-06-02 12:08:35,2025-06-30 14:19:54,14.0
98,2025-07,48,4,36,2025-07-01 10:22:20,2025-07-31 13:48:16,8.33
98,2025-08,33,3,26,2025-08-01 12:48:12,2025-08-29 11:25:33,9.09
98,2025-09,28,1,25,2025-09-01 10:35:40,2025-09-30 12:17:36,3.57
98,2025-10,35,5,31,2025-10-01 12:41:11,2025-10-28 09:04:43,14.29
99,2023-04,16,3,14,2023-04-25 09:09:17,2023-04-28 15:52:31,18.75
99,2023-05,37,2,32,2023-05-11 13:56:09,2023-05-31 11:05:54,5.41
99,2023-06,39,2,29,2023-06-02 12:49:49,2023-06-30 09:59:47,5.13
99,2023-07,6,0,6,2023-07-03 10:39:46,2023-07-04 15:33:50,0.0
99,2023-08,11,0,11,2023-08-04 12:02:03,2023-08-09 13:54:57,0.0
99,2023-10,10,2,10,2023-10-25 10:27:17,2023-10-30 12:14:12,20.0
99,2023-11,15,3,13,2023-11-03 15:03:11,2023-11-30 14:09:01,20.0
99,2023-12,16,3,16,2023-12-01 09:42:40,2023-12-13 11:59:13,18.75
99,2024-02,16,0,16,2024-02-20 09:40:18,2024-02-26 09:03:54,0.0
99,2024-03,22,3,22,2024-03-05 13:37:31,2024-03-29 09:09:40,13.64
99,2024-04,14,0,12,2024-04-02 09:32:46,2024-04-17 12:39:08,0.0
99,2024-11,20,2,19,2024-11-18 15:37:28,2024-11-29 13:06:51,10.0
99,2024-12,32,2,29,2024-12-02 13:30:42,2024-12-24 11:36:55,6.25
99,2025-01,43,4,38,2025-01-02 11:27:53,2025-01-31 13:56:16,9.3
99,2025-02,35,2,29,2025-02-03 09:02:25,2025-02-28 09:58:30,5.71
99,2025-03,33,0,32,2025-03-03 10:08:26,2025-03-28 14:17:05,0.0
99,2025-04,10,0,10,2025-04-01 12:31:28,2025-04-11 09:39:13,0.0
99,2025-05,25,0,25,2025-05-19 09:10:35,2025-05-30 12:22:31,0.0
99,2025-06,47,2,41,2025-06-02 10:32:40,2025-06-27 11:50:31,4.26
99,2025-07,43,2,41,2025-07-01 11:28:02,2025-07-31 13:06:24,4.65
99,2025-08,30,4,29,2025-08-05 10:31:17,2025-08-29 14:04:11,13.33
99,2025-09,24,3,24,2025-09-02 09:31:47,2025-09-30 15:54:24,12.5
99,2025-10,32,0,28,2025-10-01 09:21:58,2025-10-28 10:59:35,0.0
100,2023-04,7,1,6,2023-04-28 15:02:33,2023-04-28 15:47:09,14.29
100,2023-05,35,10,30,2023-05-11 14:32:07,2023-05-31 13:41:37,28.57
100,2023-06,34,17,27,2023-06-01 09:03:29,2023-06-30 10:02:41,50.0
100,2023-07,2,1,2,2023-07-03 10:11:13,2023-07-03 14:01:34,50.0
100,2023-08,8,2,8,2023-08-04 11:14:17,2023-08-09 12:58:47,25.0
100,2023-10,3,0,3,2023-10-26 10:04:22,2023-10-27 11:50:31,0.0
100,2023-11,19,8,18,2023-11-07 13:48:44,2023-11-30 11:57:49,42.11
100,2023-12,15,5,15,2023-12-01 10:21:57,2023-12-13 12:34:20,33.33
100,2024-02,10,4,10,2024-02-19 15:03:19,2024-02-26 14:55:33,40.0
100,2024-03,27,11,26,2024-03-05 11:12:35,2024-03-29 12:50:24,40.74
100,2024-04,18,3,17,2024-04-02 11:21:16,2024-04-18 09:56:23,16.67
100,2024-11,21,13,20,2024-11-15 13:23:59,2024-11-28 15:32:06,61.9
100,2024-12,37,13,32,2024-12-02 11:53:27,2024-12-31 10:48:08,35.14
100,2025-01,36,20,28,2025-01-02 15:20:52,2025-01-31 11:34:17,55.56
100,2025-02,37,11,32,2025-02-04 09:26:36,2025-02-28 11:04:27,29.73
100,2025-03,38,9,32,2025-03-03 11:21:24,2025-03-31 09:02:39,23.68
100,2025-04,16,10,16,2025-04-01 10:03:00,2025-04-11 15:45:18,62.5
100,2025-05,30,7,30,2025-05-16 14:59:13,2025-05-30 15:30:16,23.33
100,2025-06,43,17,35,2025-06-02 10:33:03,2025-06-30 11:43:54,39.53
100,2025-07,42,8,28,2025-07-01 09:44:16,2025-07-31 14:47:49,19.05
100,2025-08,34,15,30,2025-08-04 10:54:07,2025-08-29 13:24:03,44.12
100,2025-09,30,13,28,2025-09-02 11:34:15,2025-09-30 13:44:40,43.33
100,2025-10,29,10,27,2025-10-01 12:42:41,2025-10-28 11:32:34,34.48
101,2023-04,10,2,9,2023-04-25 09:07:42,2023-04-28 15:50:55,20.0
101,2023-05,31,9,27,2023-05-11 15:48:54,2023-05-31 11:32:40,29.03
101,2023-06,41,11,30,2023-06-01 09:33:24,2023-06-30 14:52:09,26.83
101,2023-07,4,0,4,2023-07-03 15:51:04,2023-07-04 12:16:14,0.0
101,2023-08,13,1,13,2023-08-04 09:27:03,2023-08-09 10:11:07,7.69
101,2023-10,11,1,11,2023-10-25 09:03:37,2023-10-27 15:06:27,9.09
101,2023-11,21,0,20,2023-11-06 12:47:26,2023-11-30 10:42:19,0.0
101,2023-12,13,0,13,2023-12-04 09:06:30,2023-12-13 12:27:45,0.0
101,2024-01,1,0,1,2024-01-08 13:58:20,2024-01-08 13:58:20,0.0
101,2024-02,20,2,19,2024-02-19 15:59:20,2024-02-26 14:14:05,10.0
101,2024-03,21,0,21,2024-03-05 09:29:35,2024-03-29 09:26:50,0.0
101,2024-04,18,4,16,2024-04-02 10:39:27,2024-04-18 09:20:57,22.22
101,2024-11,18,3,17,2024-11-18 10:47:06,2024-11-29 11:59:17,16.67
101,2024-12,25,5,23,2024-12-02 11:27:08,2024-12-30 11:43:32,20.0
101,2025-01,44,2,37,2025-01-02 11:07:36,2025-01-31 12:35:25,4.55
101,2025-02,41,7,35,2025-02-03 09:00:45,2025-02-28 10:35:53,17.07
101,2025-03,35,5,33,2025-03-04 09:09:21,2025-03-28 09:54:06,14.29
101,2025-04,19,1,19,2025-04-01 09:26:04,2025-04-14 09:20:26,5.26
101,2025-05,32,6,32,2025-05-16 13:51:33,2025-05-30 13:50:59,18.75
101,2025-06,34,4,30,2025-06-03 10:14:05,2025-06-30 13:46:10,11.76
101,2025-07,35,5,32,2025-07-01 09:18:22,2025-07-31 15:39:53,14.29
101,2025-08,39,7,33,2025-08-01 10:20:59,2025-08-28 15:38:57,17.95
101,2025-09,36,7,34,2025-09-01 09:14:20,2025-09-30 11:05:26,19.44
101,2025-10,27,2,23,2025-10-01 11:46:47,2025-10-28 13:07:28,7.41
106,2023-04,18,1,14,2023-04-28 10:53:03,2023-04-28 15:59:54,5.56
106,2023-05,38,3,28,2023-05-11 14:58:36,2023-05-31 14:56:27,7.89
106,2023-06,36,6,33,2023-06-01 11:33:02,2023-06-30 14:53:37,16.67
106,2023-07,6,1,6,2023-07-03 09:07:38,2023-07-04 14:54:59,16.67
106,2023-08,11,2,11,2023-08-04 09:13:27,2023-08-09 09:53:38,18.18
106,2023-10,12,0,12,2023-10-25 09:48:39,2023-10-30 10:12:08,0.0
106,2023-11,19,3,19,2023-11-06 12:36:21,2023-11-29 13:56:15,15.79
106,2023-12,18,1,18,2023-12-01 11:19:14,2023-12-13 09:02:52,5.56
106,2024-01,1,0,1,2024-01-08 15:20:34,2024-01-08 15:20:34,0.0
106,2024-02,12,2,12,2024-02-21 09:32:01,2024-02-26 13:28:44,16.67
106,2024-03,24,1,22,2024-03-06 09:48:20,2024-03-28 11:44:02,4.17
106,2024-04,19,0,19,2024-04-03 10:13:06,2024-04-17 13:27:10,0.0
106,2024-11,21,2,21,2024-11-15 15:40:21,2024-11-29 10:43:29,9.52
106,2024-12,40,4,33,2024-12-03 09:24:37,2024-12-31 12:46:55,10.0
106,2025-01,36,3,31,2025-01-02 13:52:22,2025-01-31 14:52:46,8.33
106,2025-02,41,4,40,2025-02-04 11:07:14,2025-02-28 15:32:38,9.76
106,2025-03,27,1,24,2025-03-03 10:46:20,2025-03-28 15:54:18,3.7
106,2025-04,20,1,20,2025-04-01 09:22:55,2025-04-14 09:24:07,5.0
108,2023-04,16,4,13,2023-04-25 09:00:06,2023-04-28 15:44:29,25.0
108,2023-05,38,6,31,2023-05-11 14:45:19,2023-05-31 14:57:41,15.79
108,2023-06,38,3,31,2023-06-01 13:57:34,2023-06-30 09:33:32,7.89
108,2023-07,4,0,4,2023-07-03 10:05:51,2023-07-04 10:09:24,0.0
108,2023-08,7,1,7,2023-08-04 09:30:31,2023-08-09 09:30:42,14.29
108,2023-10,7,1,7,2023-10-25 10:59:15,2023-10-30 11:04:23,14.29
108,2023-11,18,7,18,2023-11-03 15:51:43,2023-11-30 10:07:23,38.89
108,2023-12,11,3,11,2023-12-01 10:52:07,2023-12-13 09:38:17,27.27
108,2024-02,4,3,4,2024-02-20 11:48:30,2024-02-21 13:02:13,75.0
109,2023-10,10,3,10,2023-10-25 13:50:37,2023-10-30 10:14:14,30.0
109,2023-11,16,3,16,2023-11-06 14:33:42,2023-11-30 13:59:08,18.75
109,2023-12,19,2,19,2023-12-01 09:42:17,2023-12-13 09:22:15,10.53
109,2024-02,13,0,13,2024-02-19 12:09:40,2024-02-26 13:58:32,0.0
109,2024-03,21,1,19,2024-03-05 10:02:09,2024-03-29 10:38:23,4.76
109,2024-04,18,0,18,2024-04-03 13:01:03,2024-04-18 12:56:58,0.0
109,2024-11,24,0,22,2024-11-15 13:20:27,2024-11-29 12:32:13,0.0
109,2024-12,39,2,35,2024-12-02 12:20:37,2024-12-31 13:08:19,5.13
109,2025-01,42,1,33,2025-01-03 10:30:05,2025-01-31 10:30:41,2.38
109,2025-02,34,1,32,2025-02-03 09:59:26,2025-02-28 11:08:18,2.94
109,2025-03,27,2,22,2025-03-03 10:07:51,2025-03-28 14:41:57,7.41
109,2025-04,21,0,21,2025-04-01 09:15:21,2025-04-11 11:36:22,0.0
109,2025-05,39,2,37,2025-05-16 11:32:24,2025-05-30 13:40:44,5.13
109,2025-06,39,2,36,2025-06-02 09:09:23,2025-06-30 15:28:56,5.13
109,2025-07,42,4,35,2025-07-01 12:50:59,2025-07-31 14:33:31,9.52
109,2025-08,32,2,26,2025-08-01 11:51:07,2025-08-29 13:58:49,6.25
109,2025-09,33,3,32,2025-09-02 09:30:19,2025-09-30 14:13:11,9.09
109,2025-10,39,1,34,2025-10-01 10:31:50,2025-10-28 10:45:26,2.56
110,2023-04,16,0,11,2023-04-28 11:14:58,2023-04-28 15:45:08,0.0
110,2023-05,39,7,33,2023-05-10 18:57:58,2023-05-31 13:58:10,17.95
110,2023-06,37,3,28,2023-06-01 11:30:33,2023-06-29 09:31:28,8.11
110,2023-07,7,1,7,2023-07-03 11:45:12,2023-07-04 16:32:29,14.29
110,2023-08,12,0,12,2023-08-04 13:39:56,2023-08-09 11:49:24,0.0
110,2023-10,10,1,10,2023-10-25 09:57:07,2023-10-30 11:04:54,10.0
110,2023-11,22,2,22,2023-11-06 09:26:43,2023-11-30 15:07:58,9.09
110,2023-12,16,3,16,2023-12-01 13:16:04,2023-12-13 12:58:24,18.75
110,2024-02,19,3,19,2024-02-19 12:07:34,2024-02-26 12:46:22,15.79
110,2024-03,24,3,23,2024-03-05 11:38:23,2024-03-29 13:36:03,12.5
110,2024-04,21,2,21,2024-04-03 11:57:41,2024-04-18 09:44:05,9.52
110,2024-11,16,2,16,2024-11-18 13:21:22,2024-11-29 15:08:58,12.5
110,2024-12,39,8,33,2024-12-02 13:38:26,2024-12-31 13:25:36,20.51
110,2025-01,35,4,32,2025-01-02 09:58:51,2025-01-31 12:08:55,11.43
110,2025-02,25,4,22,2025-02-04 09:30:47,2025-02-27 13:01:26,16.0
110,2025-03,37,3,33,2025-03-03 09:40:31,2025-03-31 11:33:39,8.11
110,2025-04,15,1,15,2025-04-01 14:21:19,2025-04-14 09:34:42,6.67
110,2025-05,34,8,32,2025-05-16 12:37:12,2025-05-30 15:04:22,23.53
110,2025-06,43,7,37,2025-06-02 09:15:46,2025-06-30 12:57:25,16.28
110,2025-07,40,7,33,2025-07-01 09:29:01,2025-07-31 10:55:35,17.5
110,2025-08,34,4,30,2025-08-01 11:12:44,2025-08-29 10:24:16,11.76
110,2025-09,39,4,33,2025-09-01 09:19:38,2025-09-29 15:24:57,10.26
110,2025-10,25,5,25,2025-10-02 09:35:40,2025-10-27 13:14:51,20.0
111,2023-04,14,1,13,2023-04-28 11:22:59,2023-04-28 15:40:56,7.14
111,2023-05,34,1,30,2023-05-11 14:49:13,2023-05-31 14:24:08,2.94
111,2023-06,50,0,33,2023-06-01 09:31:08,2023-06-30 12:33:25,0.0
111,2023-07,3,0,3,2023-07-03 10:43:19,2023-07-04 11:32:54,0.0
111,2023-08,16,1,16,2023-08-03 16:25:14,2023-08-09 12:50:15,6.25
111,2023-10,7,0,7,2023-10-25 09:35:34,2023-10-27 15:54:40,0.0
111,2023-11,16,2,16,2023-11-06 13:27:01,2023-11-30 12:52:40,12.5
111,2023-12,14,0,14,2023-12-01 09:35:37,2023-12-12 10:01:33,0.0
111,2024-02,11,1,11,2024-02-20 10:20:59,2024-02-26 15:40:31,9.09
111,2024-03,21,2,21,2024-03-05 10:36:17,2024-03-28 13:45:32,9.52
111,2024-04,14,0,14,2024-04-02 15:33:22,2024-04-18 11:09:06,0.0
111,2024-11,22,1,21,2024-11-15 13:01:50,2024-11-29 11:40:21,4.55
111,2024-12,33,1,29,2024-12-02 09:48:10,2024-12-30 15:01:39,3.03
111,2025-01,33,2,31,2025-01-02 14:16:31,2025-01-31 13:54:59,6.06
111,2025-02,49,3,46,2025-02-03 12:25:27,2025-02-28 09:27:54,6.12
111,2025-03,43,3,38,2025-03-03 09:36:04,2025-03-31 14:16:24,6.98
111,2025-04,27,4,27,2025-04-01 14:14:47,2025-04-14 09:10:40,14.81
111,2025-05,27,1,27,2025-05-19 11:25:41,2025-05-30 11:52:23,3.7
111,2025-06,45,6,39,2025-06-02 11:07:34,2025-06-30 13:55:22,13.33
111,2025-07,41,3,34,2025-07-02 10:09:04,2025-07-31 10:40:26,7.32
111,2025-08,40,5,33,2025-08-01 09:50:54,2025-08-29 14:00:59,12.5
111,2025-09,37,4,34,2025-09-02 10:33:27,2025-09-30 13:32:37,10.81
111,2025-10,27,2,26,2025-10-01 10:02:23,2025-10-27 15:54:09,7.41
112,2023-04,19,2,14,2023-04-28 12:18:04,2023-04-28 16:15:10,10.53
112,2023-05,36,3,31,2023-05-12 10:50:27,2023-05-31 14:56:42,8.33
112,2023-06,35,2,28,2023-06-01 11:22:39,2023-06-30 10:21:57,5.71
112,2023-07,6,1,6,2023-07-03 09:21:46,2023-07-05 09:22:07,16.67
112,2023-08,12,3,12,2023-08-03 15:54:34,2023-08-09 14:35:48,25.0
112,2023-10,7,0,7,2023-10-25 12:34:05,2023-10-27 14:00:06,0.0
112,2023-11,25,1,22,2023-11-03 15:29:49,2023-11-30 14:49:59,4.0
112,2023-12,18,1,18,2023-12-01 15:29:12,2023-12-13 13:10:02,5.56
112,2024-01,2,0,2,2024-01-08 14:00:14,2024-01-08 15:07:06,0.0
112,2024-02,10,2,10,2024-02-19 13:29:15,2024-02-26 11:15:05,20.0
112,2024-03,33,3,32,2024-03-05 09:45:34,2024-03-29 10:20:41,9.09
112,2024-04,16,2,16,2024-04-02 12:08:34,2024-04-17 09:48:17,12.5
112,2024-11,20,3,20,2024-11-15 13:17:44,2024-11-29 14:17:12,15.0
112,2024-12,25,4,24,2024-12-02 10:57:52,2024-12-31 12:42:35,16.0
112,2025-01,39,4,35,2025-01-02 09:43:11,2025-01-31 11:38:17,10.26
112,2025-02,38,8,34,2025-02-05 10:32:15,2025-02-28 12:43:48,21.05
112,2025-03,39,3,35,2025-03-03 10:11:46,2025-03-31 14:20:26,7.69
112,2025-04,17,2,16,2025-04-01 09:30:41,2025-04-11 13:35:29,11.76
112,2025-05,31,5,30,2025-05-16 12:07:27,2025-05-30 15:22:25,16.13
112,2025-06,35,6,31,2025-06-02 10:16:34,2025-06-30 10:27:09,17.14
112,2025-07,54,8,46,2025-07-01 13:51:35,2025-07-31 10:08:12,14.81
112,2025-08,24,2,22,2025-08-01 10:47:26,2025-08-29 14:53:43,8.33
112,2025-09,31,3,28,2025-09-01 11:35:39,2025-09-29 11:33:38,9.68
112,2025-10,36,4,32,2025-10-01 11:12:32,2025-10-28 14:42:55,11.11
113,2023-04,15,0,15,2023-04-28 11:18:16,2023-04-28 15:50:06,0.0
113,2023-05,40,0,35,2023-05-11 14:08:02,2023-05-31 13:35:53,0.0
113,2023-06,43,0,34,2023-06-01 09:52:51,2023-06-30 09:50:24,0.0
113,2023-10,5,1,5,2023-10-25 11:10:27,2023-10-27 13:37:16,20.0
113,2023-11,17,0,17,2023-11-03 15:07:17,2023-11-30 12:14:03,0.0
113,2023-12,15,0,14,2023-12-01 10:23:46,2023-12-13 11:45:18,0.0
113,2024-01,3,0,3,2024-01-08 15:21:36,2024-01-08 15:44:32,0.0
113,2024-02,100,1,76,2024-02-06 13:42:29,2024-02-26 14:12:29,1.0
113,2024-03,66,0,55,2024-03-05 09:55:12,2024-03-28 12:35:03,0.0
113,2024-04,27,0,26,2024-04-02 09:32:15,2024-04-18 10:14:02,0.0
113,2024-05,20,0,20,2024-05-17 15:06:42,2024-05-21 14:41:02,0.0
113,2024-11,23,0,22,2024-11-15 13:15:13,2024-11-29 09:30:25,0.0
113,2024-12,39,0,34,2024-12-02 11:00:13,2024-12-31 12:47:05,0.0
113,2025-01,38,0,36,2025-01-02 11:34:04,2025-01-31 13:55:51,0.0
113,2025-02,34,0,28,2025-02-03 12:47:47,2025-02-27 15:02:47,0.0
113,2025-03,36,2,31,2025-03-03 10:06:28,2025-03-31 15:08:03,5.56
113,2025-04,22,1,22,2025-04-01 14:49:39,2025-04-11 10:56:45,4.55
113,2025-06,15,0,15,2025-06-23 11:24:29,2025-06-30 10:15:34,0.0
113,2025-07,43,0,37,2025-07-01 14:22:19,2025-07-31 13:49:33,0.0
113,2025-08,32,1,29,2025-08-01 10:50:05,2025-08-29 15:27:50,3.12
113,2025-09,34,0,26,2025-09-02 08:30:16,2025-09-30 11:39:07,0.0
113,2025-10,31,0,29,2025-10-01 12:06:37,2025-10-28 12:55:49,0.0
115,2023-04,10,0,8,2023-04-28 15:02:39,2023-04-28 15:45:27,0.0
115,2023-05,37,1,30,2023-05-11 15:37:44,2023-05-31 11:42:17,2.7
115,2023-06,42,3,31,2023-06-01 09:49:44,2023-06-30 09:55:25,7.14
115,2023-07,2,0,2,2023-07-03 10:22:56,2023-07-04 10:35:36,0.0
115,2023-08,20,0,20,2023-08-04 09:48:48,2023-08-09 11:13:00,0.0
115,2023-10,6,0,6,2023-10-25 10:22:37,2023-10-30 15:53:55,0.0
115,2023-11,16,0,15,2023-11-06 09:43:59,2023-11-29 15:47:12,0.0
115,2023-12,11,0,10,2023-12-01 10:38:27,2023-12-12 15:31:28,0.0
115,2024-01,1,0,1,2024-01-08 15:10:32,2024-01-08 15:10:32,0.0
115,2024-02,16,2,15,2024-02-19 12:12:16,2024-02-26 09:54:31,12.5
115,2024-03,24,4,24,2024-03-05 13:32:26,2024-03-29 09:36:28,16.67
115,2024-04,21,0,20,2024-04-02 09:00:48,2024-04-17 13:06:36,0.0
115,2024-11,22,0,22,2024-11-15 15:13:23,2024-11-29 12:21:22,0.0
115,2024-12,36,4,30,2024-12-02 09:51:11,2024-12-31 09:19:28,11.11
115,2025-01,35,2,31,2025-01-02 10:22:27,2025-01-31 11:49:21,5.71
115,2025-02,30,4,27,2025-02-03 09:23:21,2025-02-27 09:45:41,13.33
115,2025-03,42,2,33,2025-03-03 09:48:58,2025-03-31 13:17:20,4.76
115,2025-04,16,1,16,2025-04-02 10:00:01,2025-04-11 10:07:13,6.25
115,2025-05,23,1,22,2025-05-16 12:21:00,2025-05-30 10:28:51,4.35
115,2025-06,42,7,38,2025-06-02 14:49:32,2025-06-30 12:28:59,16.67
115,2025-07,47,6,38,2025-07-01 09:50:45,2025-07-29 12:10:12,12.77
115,2025-08,36,4,32,2025-08-04 10:46:49,2025-08-27 12:10:31,11.11
115,2025-09,50,11,40,2025-09-01 09:32:19,2025-09-30 15:06:21,22.0
115,2025-10,36,6,31,2025-10-02 10:45:56,2025-10-28 12:28:25,16.67
116,2023-04,10,0,8,2023-04-28 15:16:13,2023-04-28 15:45:25,0.0
116,2023-05,39,1,31,2023-05-12 09:37:39,2023-05-31 15:51:07,2.56
116,2023-06,42,4,33,2023-06-01 10:09:36,2023-06-30 12:23:19,9.52
116,2023-07,6,1,6,2023-07-03 11:11:36,2023-07-05 09:32:13,16.67
116,2023-08,12,2,12,2023-08-04 10:52:02,2023-08-09 13:52:46,16.67
116,2023-10,4,0,4,2023-10-25 11:40:40,2023-10-30 10:29:52,0.0
116,2023-11,19,1,17,2023-11-06 09:01:55,2023-11-30 14:49:15,5.26
116,2023-12,15,1,15,2023-12-01 11:08:58,2023-12-13 13:37:44,6.67
116,2024-01,1,0,1,2024-01-08 15:42:28,2024-01-08 15:42:28,0.0
116,2024-02,16,0,16,2024-02-19 12:46:33,2024-02-26 15:15:15,0.0
116,2024-03,17,4,17,2024-03-05 10:14:59,2024-03-29 15:23:15,23.53
116,2024-04,18,1,17,2024-04-02 09:39:01,2024-04-18 12:17:21,5.56
116,2024-11,15,1,15,2024-11-18 10:24:34,2024-11-29 12:32:54,6.67
116,2024-12,34,2,29,2024-12-02 09:01:22,2024-12-31 14:17:19,5.88
116,2025-01,33,3,29,2025-01-02 12:14:52,2025-01-31 15:06:38,9.09
116,2025-02,36,3,33,2025-02-03 14:41:33,2025-02-28 10:44:08,8.33
116,2025-03,43,4,39,2025-03-05 09:31:03,2025-03-31 15:57:29,9.3
116,2025-04,18,6,18,2025-04-02 12:00:02,2025-04-11 14:06:26,33.33
117,2023-04,4,1,4,2023-04-28 15:36:14,2023-04-28 15:53:25,25.0
117,2023-05,34,7,31,2023-05-11 14:29:55,2023-05-31 14:02:48,20.59
117,2023-06,46,4,32,2023-06-01 10:33:41,2023-06-30 15:09:03,8.7
117,2023-07,4,1,4,2023-07-03 11:27:51,2023-07-04 11:47:09,25.0
117,2023-08,12,1,12,2023-08-03 16:05:39,2023-08-09 14:06:33,8.33
117,2023-10,9,4,9,2023-10-25 09:37:12,2023-10-30 11:13:56,44.44
117,2023-11,22,4,20,2023-11-06 09:16:57,2023-11-30 12:16:16,18.18
117,2023-12,23,3,23,2023-12-04 09:59:24,2023-12-13 10:53:47,13.04
117,2024-02,18,2,18,2024-02-19 15:51:33,2024-02-26 15:11:34,11.11
117,2024-03,13,5,13,2024-03-05 09:19:26,2024-03-29 11:31:39,38.46
117,2024-04,25,7,24,2024-04-02 14:37:24,2024-04-18 10:11:41,28.0
117,2024-11,18,4,17,2024-11-18 11:04:15,2024-11-29 11:29:41,22.22
117,2024-12,37,5,33,2024-12-02 11:03:44,2024-12-31 12:43:55,13.51
117,2025-01,34,4,30,2025-01-02 09:06:42,2025-01-31 13:53:02,11.76
117,2025-02,39,9,35,2025-02-04 09:41:27,2025-02-28 14:51:47,23.08
117,2025-03,38,8,33,2025-03-03 14:09:03,2025-03-31 14:44:59,21.05
117,2025-04,14,4,14,2025-04-01 13:44:56,2025-04-11 13:36:38,28.57
118,2023-05,42,7,35,2023-05-11 16:44:40,2023-05-31 13:56:43,16.67
118,2023-06,40,3,32,2023-06-01 13:31:33,2023-06-30 16:15:28,7.5
118,2023-07,2,0,2,2023-07-04 10:04:23,2023-07-04 11:46:16,0.0
118,2023-08,9,0,9,2023-08-07 10:54:40,2023-08-09 12:39:22,0.0
118,2023-10,6,0,6,2023-10-25 10:43:59,2023-10-30 10:20:12,0.0
118,2023-11,17,1,16,2023-11-03 15:47:41,2023-11-30 13:04:18,5.88
118,2023-12,20,0,20,2023-12-01 09:55:23,2023-12-13 13:03:55,0.0
118,2024-02,15,0,15,2024-02-19 14:27:40,2024-02-26 15:42:00,0.0
118,2024-03,24,0,22,2024-03-05 10:00:05,2024-03-29 13:34:13,0.0
118,2024-04,19,0,19,2024-04-02 12:16:14,2024-04-18 10:25:14,0.0
118,2024-11,19,1,19,2024-11-18 10:19:27,2024-11-29 12:01:24,5.26
118,2024-12,31,0,27,2024-12-04 12:02:17,2024-12-31 12:35:49,0.0
118,2025-01,36,3,28,2025-01-02 11:18:23,2025-01-31 11:06:22,8.33
118,2025-02,31,0,27,2025-02-03 11:34:19,2025-02-28 14:21:33,0.0
118,2025-03,38,1,31,2025-03-03 09:09:56,2025-03-31 14:59:21,2.63
118,2025-04,17,0,17,2025-04-01 09:37:43,2025-04-11 10:14:19,0.0
118,2025-05,31,1,31,2025-05-16 13:32:42,2025-05-30 10:41:40,3.23
118,2025-06,40,1,36,2025-06-02 09:05:18,2025-06-30 10:06:48,2.5
118,2025-07,38,2,32,2025-07-02 09:12:53,2025-07-31 15:24:21,5.26
118,2025-08,30,0,27,2025-08-04 15:03:26,2025-08-29 11:15:37,0.0
118,2025-09,31,0,29,2025-09-02 10:35:28,2025-09-30 14:53:13,0.0
118,2025-10,30,1,27,2025-10-01 12:17:24,2025-10-28 10:34:05,3.33
120,2023-05,4,1,4,2023-05-24 13:21:00,2023-05-26 09:56:38,25.0
120,2023-06,11,4,9,2023-06-01 12:30:39,2023-06-29 10:36:22,36.36
120,2023-08,13,3,13,2023-08-04 10:18:24,2023-08-16 12:08:37,23.08
120,2023-11,12,6,11,2023-11-02 10:34:59,2023-11-30 09:35:31,50.0
120,2023-12,8,3,8,2023-12-01 12:46:35,2023-12-12 13:32:38,37.5
120,2024-02,11,4,11,2024-02-19 12:50:40,2024-02-26 11:07:30,36.36
120,2024-03,8,2,8,2024-03-08 09:34:01,2024-03-28 09:48:55,25.0
120,2024-04,13,4,13,2024-04-02 15:12:15,2024-04-18 09:22:40,30.77
120,2024-11,9,1,9,2024-11-19 13:04:09,2024-11-29 13:41:57,11.11
120,2024-12,19,8,17,2024-12-02 12:15:41,2024-12-30 10:29:08,42.11
120,2025-01,21,8,19,2025-01-02 11:42:59,2025-01-31 11:30:29,38.1
120,2025-02,22,6,20,2025-02-03 09:20:21,2025-02-28 13:56:43,27.27
120,2025-03,22,2,20,2025-03-03 09:02:11,2025-03-31 12:16:52,9.09
120,2025-04,12,1,12,2025-04-01 10:03:58,2025-04-11 15:41:10,8.33
120,2025-05,6,1,6,2025-05-28 09:30:00,2025-05-30 12:48:43,16.67
120,2025-06,20,4,16,2025-06-03 10:02:44,2025-06-30 12:21:21,20.0
120,2025-07,13,2,13,2025-07-01 15:00:29,2025-07-28 14:35:22,15.38
120,2025-08,19,2,18,2025-08-01 15:38:58,2025-08-29 12:48:07,10.53
120,2025-09,9,2,9,2025-09-10 12:52:11,2025-09-30 13:40:30,22.22
120,2025-10,20,4,20,2025-10-02 09:54:55,2025-10-28 12:05:29,20.0
123,2023-05,3,1,3,2023-05-24 12:28:48,2023-05-25 12:02:08,33.33
123,2023-06,11,3,10,2023-06-02 10:07:07,2023-06-30 10:20:07,27.27
123,2023-07,1,0,1,2023-07-03 10:14:04,2023-07-03 10:14:04,0.0
123,2023-08,11,4,10,2023-08-03 15:50:46,2023-08-16 10:48:40,36.36
123,2023-10,1,1,1,2023-10-31 10:39:52,2023-10-31 10:39:52,100.0
123,2023-11,17,6,16,2023-11-02 11:27:28,2023-11-30 11:44:03,35.29
123,2023-12,8,4,8,2023-12-04 09:07:23,2023-12-12 15:32:11,50.0
123,2024-01,1,0,1,2024-01-08 14:28:36,2024-01-08 14:28:36,0.0
123,2024-02,7,1,7,2024-02-19 15:44:58,2024-02-26 15:47:43,14.29
123,2024-03,17,6,17,2024-03-05 11:06:49,2024-03-29 13:39:22,35.29
123,2024-04,9,3,9,2024-04-04 09:47:18,2024-04-16 09:50:11,33.33
123,2024-11,17,4,17,2024-11-19 11:09:36,2024-11-29 15:06:16,23.53
123,2024-12,19,2,17,2024-12-02 13:12:04,2024-12-31 11:51:57,10.53
123,2025-01,22,7,18,2025-01-03 14:47:22,2025-01-31 15:31:33,31.82
123,2025-02,21,4,20,2025-02-04 11:19:41,2025-02-27 14:56:57,19.05
123,2025-03,24,8,19,2025-03-06 10:29:11,2025-03-31 15:14:05,33.33
123,2025-04,9,2,9,2025-04-01 11:29:37,2025-04-11 12:47:07,22.22
125,2023-05,9,0,9,2023-05-26 09:18:14,2023-05-31 10:04:12,0.0
125,2023-06,39,0,27,2023-06-01 09:16:32,2023-06-30 12:11:37,0.0
125,2023-07,4,0,4,2023-07-03 12:31:53,2023-07-04 11:00:44,0.0
125,2023-08,15,1,15,2023-08-04 10:05:37,2023-08-10 11:39:47,6.67
125,2023-10,18,2,18,2023-10-25 12:52:05,2023-10-31 15:56:24,11.11
125,2023-11,20,1,19,2023-11-02 10:50:57,2023-11-30 10:42:31,5.0
125,2023-12,7,0,7,2023-12-01 10:48:30,2023-12-13 10:33:54,0.0
125,2024-03,5,0,5,2024-03-28 09:34:14,2024-03-29 09:11:16,0.0
125,2024-04,18,2,18,2024-04-02 14:35:26,2024-04-17 10:28:20,11.11
127,2023-05,10,7,10,2023-05-26 14:05:22,2023-05-31 15:12:04,70.0
127,2023-06,44,23,33,2023-06-01 10:04:43,2023-06-30 13:47:22,52.27
127,2023-07,4,2,4,2023-07-03 12:24:39,2023-07-05 09:05:31,50.0
127,2023-08,11,5,11,2023-08-04 09:35:09,2023-08-10 11:39:58,45.45
127,2023-10,9,4,9,2023-10-26 10:00:30,2023-10-31 15:12:39,44.44
127,2023-11,35,20,32,2023-11-02 10:05:29,2023-11-30 12:49:22,57.14
127,2023-12,18,11,17,2023-12-01 13:46:24,2023-12-13 14:15:57,61.11
127,2024-03,6,3,6,2024-03-27 15:30:46,2024-03-29 15:54:14,50.0
127,2024-04,13,6,13,2024-04-02 09:45:29,2024-04-17 15:25:31,46.15
128,2023-05,18,1,18,2023-05-26 13:28:21,2023-05-31 14:56:29,5.56
128,2023-06,37,2,29,2023-06-02 09:20:52,2023-06-30 12:40:46,5.41
128,2023-07,3,0,3,2023-07-03 13:37:41,2023-07-04 15:17:51,0.0
128,2023-08,14,0,14,2023-08-04 12:14:02,2023-08-10 10:25:11,0.0
128,2023-10,17,0,17,2023-10-26 10:41:19,2023-10-31 13:34:32,0.0
128,2023-11,29,0,24,2023-11-02 09:19:09,2023-11-30 09:16:35,0.0
128,2023-12,16,0,16,2023-12-01 13:00:56,2023-12-13 11:35:27,0.0
128,2024-03,6,0,6,2024-03-28 10:54:06,2024-03-29 15:28:40,0.0
128,2024-04,21,0,20,2024-04-02 12:24:53,2024-04-17 15:00:14,0.0
129,2023-05,11,2,11,2023-05-26 11:20:58,2023-05-31 10:58:48,18.18
129,2023-06,41,11,31,2023-06-01 10:40:45,2023-06-30 14:57:53,26.83
129,2023-07,7,2,7,2023-07-03 10:10:35,2023-07-04 15:05:33,28.57
129,2023-08,11,4,11,2023-08-04 16:21:13,2023-08-10 11:18:54,36.36
129,2023-10,16,2,16,2023-10-25 14:04:59,2023-10-31 13:52:53,12.5
129,2023-11,25,6,21,2023-11-02 09:54:01,2023-11-30 12:51:17,24.0
129,2023-12,10,1,10,2023-12-01 14:54:19,2023-12-12 12:36:53,10.0
129,2024-03,1,0,1,2024-03-28 13:25:04,2024-03-28 13:25:04,0.0
129,2024-04,17,5,16,2024-04-02 10:30:12,2024-04-18 11:22:48,29.41
130,2023-05,8,1,8,2023-05-29 11:19:20,2023-05-31 15:07:52,12.5
130,2023-06,42,15,29,2023-06-01 09:45:10,2023-06-30 12:33:08,35.71
130,2023-07,6,1,6,2023-07-03 14:30:19,2023-07-04 16:01:34,16.67
130,2023-08,11,2,11,2023-08-04 13:13:31,2023-08-09 14:05:32,18.18
130,2023-10,10,2,10,2023-10-25 10:14:01,2023-10-30 15:54:17,20.0
130,2023-11,14,5,14,2023-11-06 09:46:58,2023-11-29 12:59:08,35.71
130,2023-12,19,4,19,2023-12-01 10:24:32,2023-12-13 13:45:05,21.05
130,2024-02,12,5,12,2024-02-19 12:49:07,2024-02-26 14:21:24,41.67
130,2024-03,23,5,22,2024-03-05 11:56:50,2024-03-29 09:51:14,21.74
130,2024-04,20,3,20,2024-04-02 12:34:44,2024-04-18 11:34:22,15.0
130,2024-11,24,8,24,2024-11-15 15:14:24,2024-11-29 10:13:48,33.33
130,2024-12,38,12,34,2024-12-02 10:46:26,2024-12-30 11:17:00,31.58
130,2025-01,42,12,38,2025-01-02 09:28:25,2025-01-30 09:47:34,28.57
130,2025-02,39,7,34,2025-02-03 11:27:19,2025-02-28 11:21:34,17.95
130,2025-03,40,8,34,2025-03-04 09:04:01,2025-03-31 13:05:17,20.0
130,2025-04,19,7,19,2025-04-01 09:46:10,2025-04-11 14:28:10,36.84
130,2025-05,33,14,32,2025-05-16 13:24:24,2025-05-30 11:58:35,42.42
130,2025-06,53,12,43,2025-06-02 14:22:18,2025-06-30 14:29:47,22.64
130,2025-07,35,8,30,2025-07-01 09:15:07,2025-07-29 11:31:19,22.86
130,2025-08,31,12,28,2025-08-01 09:25:10,2025-08-29 10:46:20,38.71
130,2025-09,35,11,29,2025-09-02 10:01:17,2025-09-30 13:51:27,31.43
130,2025-10,24,2,22,2025-10-01 12:17:14,2025-10-27 09:05:24,8.33
131,2023-05,5,1,5,2023-05-29 11:03:57,2023-05-31 13:51:15,20.0
131,2023-06,44,3,34,2023-06-01 09:47:54,2023-06-30 10:27:21,6.82
131,2023-08,11,2,11,2023-08-04 15:15:46,2023-08-09 14:20:49,18.18
131,2023-10,10,1,10,2023-10-25 09:10:18,2023-10-30 10:58:57,10.0
131,2023-11,22,3,21,2023-11-03 16:08:39,2023-11-30 15:21:45,13.64
131,2023-12,15,0,15,2023-12-01 11:12:42,2023-12-11 13:56:29,0.0
131,2024-01,2,0,2,2024-01-08 14:26:42,2024-01-08 14:55:56,0.0
131,2024-02,17,0,17,2024-02-19 15:09:29,2024-02-26 11:14:00,0.0
131,2024-03,19,2,18,2024-03-05 09:51:16,2024-03-28 10:14:57,10.53
131,2024-04,18,3,18,2024-04-02 10:56:47,2024-04-18 10:23:38,16.67
131,2024-11,28,2,26,2024-11-15 14:10:28,2024-11-29 14:36:04,7.14
131,2024-12,28,1,25,2024-12-02 09:52:08,2024-12-31 13:07:19,3.57
131,2025-01,36,2,31,2025-01-02 13:07:50,2025-01-31 12:44:13,5.56
131,2025-02,34,2,31,2025-02-03 13:07:31,2025-02-28 13:45:10,5.88
131,2025-03,31,1,26,2025-03-03 12:49:57,2025-03-27 10:27:55,3.23
131,2025-04,13,0,13,2025-04-01 10:28:17,2025-04-10 13:34:28,0.0
131,2025-05,28,0,27,2025-05-19 09:38:40,2025-05-30 14:40:12,0.0
131,2025-06,51,4,44,2025-06-02 09:03:06,2025-06-30 11:03:16,7.84
131,2025-07,43,3,39,2025-07-02 09:19:06,2025-07-31 11:53:44,6.98
131,2025-08,32,2,29,2025-08-04 13:12:24,2025-08-29 14:17:50,6.25
131,2025-09,43,7,38,2025-09-01 11:23:27,2025-09-30 10:36:51,16.28
131,2025-10,31,1,31,2025-10-01 11:35:29,2025-10-28 12:02:15,3.23
132,2023-05,9,4,8,2023-05-30 10:32:01,2023-05-31 13:47:42,44.44
132,2023-06,52,21,36,2023-06-01 09:21:37,2023-06-30 10:19:09,40.38
132,2023-07,3,0,3,2023-07-03 13:10:59,2023-07-04 09:35:50,0.0
132,2023-08,8,0,8,2023-08-03 17:01:51,2023-08-09 12:28:22,0.0
132,2023-10,9,2,9,2023-10-26 09:06:43,2023-10-31 08:00:32,22.22
132,2023-11,21,8,19,2023-11-06 09:56:48,2023-11-30 09:39:22,38.1
132,2023-12,18,9,18,2023-12-01 09:12:28,2023-12-12 15:35:09,50.0
132,2024-02,18,5,18,2024-02-19 12:19:31,2024-02-26 15:39:31,27.78
132,2024-03,22,8,22,2024-03-05 11:32:53,2024-03-28 14:52:05,36.36
132,2024-04,16,5,16,2024-04-03 09:29:59,2024-04-16 13:01:59,31.25
132,2024-11,15,7,15,2024-11-20 11:00:36,2024-11-29 14:10:32,46.67
132,2024-12,35,14,31,2024-12-02 10:08:45,2024-12-31 12:04:53,40.0
132,2025-01,38,11,31,2025-01-02 11:14:15,2025-01-31 12:01:59,28.95
132,2025-02,30,14,27,2025-02-03 09:54:15,2025-02-28 14:34:13,46.67
132,2025-03,46,19,40,2025-03-03 12:18:59,2025-03-31 13:29:07,41.3
132,2025-04,20,8,20,2025-04-01 09:32:40,2025-04-11 13:17:51,40.0
132,2025-05,34,9,32,2025-05-16 11:45:12,2025-05-30 15:35:33,26.47
132,2025-06,38,12,32,2025-06-02 10:42:39,2025-06-27 15:42:46,31.58
132,2025-07,38,11,31,2025-07-01 12:35:53,2025-07-30 15:16:49,28.95
132,2025-08,29,14,27,2025-08-01 13:00:55,2025-08-29 09:35:13,48.28
132,2025-09,31,10,29,2025-09-02 11:46:44,2025-09-30 12:51:47,32.26
132,2025-10,28,9,26,2025-10-02 10:16:45,2025-10-28 11:12:15,32.14
133,2023-05,6,0,6,2023-05-30 10:30:32,2023-05-31 12:01:51,0.0
133,2023-06,39,0,32,2023-06-01 09:49:56,2023-06-30 11:19:21,0.0
133,2023-07,6,0,6,2023-07-03 11:56:40,2023-07-04 12:20:09,0.0
133,2023-08,8,0,8,2023-08-04 10:39:50,2023-08-09 10:30:31,0.0
133,2023-10,6,0,6,2023-10-25 14:13:33,2023-10-30 11:57:09,0.0
133,2023-11,20,0,20,2023-11-03 15:37:51,2023-11-29 12:28:22,0.0
133,2023-12,10,1,10,2023-12-01 09:33:18,2023-12-13 12:44:51,10.0
133,2024-02,12,0,12,2024-02-19 15:29:37,2024-02-26 14:29:20,0.0
133,2024-03,18,0,17,2024-03-05 13:23:31,2024-03-29 13:03:18,0.0
133,2024-04,20,0,19,2024-04-02 12:49:17,2024-04-17 13:52:32,0.0
133,2024-11,14,0,14,2024-11-15 13:35:09,2024-11-26 15:01:58,0.0
133,2024-12,42,2,35,2024-12-02 10:14:37,2024-12-31 11:50:49,4.76
133,2025-01,39,0,37,2025-01-02 11:27:33,2025-01-31 15:55:10,0.0
133,2025-02,40,0,34,2025-02-03 11:18:57,2025-02-28 12:49:57,0.0
133,2025-03,41,2,37,2025-03-03 14:14:53,2025-03-31 10:11:53,4.88
133,2025-04,13,0,13,2025-04-01 11:38:07,2025-04-14 09:33:22,0.0
133,2025-05,33,0,31,2025-05-16 13:21:10,2025-05-30 14:55:30,0.0
133,2025-06,49,0,41,2025-06-02 12:01:23,2025-06-30 13:46:32,0.0
133,2025-07,37,1,33,2025-07-01 10:28:08,2025-07-25 14:19:41,2.7
133,2025-08,25,1,23,2025-08-01 14:02:43,2025-08-28 09:08:23,4.0
133,2025-09,33,0,31,2025-09-01 10:18:48,2025-09-30 11:11:23,0.0
133,2025-10,27,0,23,2025-10-01 09:05:41,2025-10-24 15:04:03,0.0
134,2023-05,9,0,9,2023-05-30 09:12:10,2023-05-31 13:15:21,0.0
134,2023-06,44,2,32,2023-06-01 11:36:38,2023-06-30 13:23:35,4.55
134,2023-07,4,0,4,2023-07-03 09:05:05,2023-07-05 09:22:28,0.0
134,2023-08,12,1,12,2023-08-03 16:46:35,2023-08-09 12:05:58,8.33
134,2023-10,5,1,5,2023-10-25 09:49:31,2023-10-27 11:59:32,20.0
134,2023-11,19,0,18,2023-11-07 09:49:22,2023-11-30 13:08:52,0.0
134,2023-12,11,1,11,2023-12-01 10:33:46,2023-12-13 13:08:42,9.09
134,2024-01,2,0,2,2024-01-08 14:07:53,2024-01-08 15:31:01,0.0
134,2024-02,12,0,12,2024-02-19 12:05:41,2024-02-26 10:34:18,0.0
134,2024-03,31,1,30,2024-03-05 09:57:59,2024-03-29 15:02:16,3.23
134,2024-04,20,1,19,2024-04-03 09:16:32,2024-04-18 11:53:27,5.0
134,2024-11,22,0,21,2024-11-15 13:20:30,2024-11-29 15:05:51,0.0
134,2024-12,37,0,30,2024-12-02 12:12:32,2024-12-31 12:01:37,0.0
134,2025-01,37,2,31,2025-01-03 10:46:18,2025-01-31 11:09:08,5.41
134,2025-02,38,2,37,2025-02-04 09:04:20,2025-02-27 15:09:53,5.26
134,2025-03,46,3,36,2025-03-04 10:39:21,2025-03-28 15:14:34,6.52
134,2025-04,23,1,23,2025-04-01 09:36:26,2025-04-14 09:16:27,4.35
134,2025-05,27,1,26,2025-05-16 13:52:09,2025-05-30 09:07:35,3.7
134,2025-06,49,0,39,2025-06-02 10:00:17,2025-06-30 10:25:45,0.0
134,2025-07,34,1,30,2025-07-01 11:26:13,2025-07-31 10:27:28,2.94
134,2025-08,34,2,32,2025-08-01 09:26:36,2025-08-29 10:58:35,5.88
134,2025-09,30,0,30,2025-09-01 11:19:48,2025-09-29 15:00:43,0.0
134,2025-10,36,0,33,2025-10-01 11:25:19,2025-10-28 12:13:32,0.0
135,2023-05,10,0,10,2023-05-30 09:23:26,2023-05-31 14:10:58,0.0
135,2023-06,44,0,32,2023-06-01 11:01:30,2023-06-30 13:05:21,0.0
135,2023-07,2,1,2,2023-07-03 12:05:32,2023-07-05 09:59:07,50.0
135,2023-08,8,0,8,2023-08-03 16:10:52,2023-08-09 13:01:11,0.0
135,2023-10,4,1,4,2023-10-26 10:30:42,2023-10-27 10:28:23,25.0
135,2023-11,26,1,25,2023-11-03 14:57:52,2023-11-29 14:09:35,3.85
135,2023-12,20,0,20,2023-12-01 10:49:19,2023-12-13 13:29:10,0.0
135,2024-01,1,0,1,2024-01-08 14:06:48,2024-01-08 14:06:48,0.0
135,2024-02,10,0,10,2024-02-19 12:40:46,2024-02-26 14:38:15,0.0
135,2024-03,28,1,28,2024-03-05 11:13:44,2024-03-29 11:28:45,3.57
135,2024-04,31,0,29,2024-04-02 10:14:14,2024-04-18 11:32:43,0.0
135,2024-11,17,1,16,2024-11-15 13:20:51,2024-11-29 14:10:48,5.88
135,2024-12,32,1,29,2024-12-02 09:14:24,2024-12-31 09:04:36,3.12
135,2025-01,27,0,23,2025-01-02 10:38:04,2025-01-31 14:39:46,0.0
135,2025-02,33,1,30,2025-02-05 09:54:09,2025-02-28 15:42:32,3.03
135,2025-03,40,3,33,2025-03-03 10:40:46,2025-03-31 12:09:44,7.5
135,2025-04,19,1,18,2025-04-01 14:26:40,2025-04-14 09:31:14,5.26
135,2025-05,35,0,33,2025-05-19 10:00:44,2025-05-30 15:14:20,0.0
135,2025-06,41,2,38,2025-06-02 14:38:41,2025-06-30 09:36:47,4.88
135,2025-07,30,1,24,2025-07-01 10:50:42,2025-07-31 11:05:32,3.33
135,2025-08,38,1,32,2025-08-01 09:42:56,2025-08-29 10:00:45,2.63
135,2025-09,37,1,32,2025-09-02 12:29:48,2025-09-30 11:30:28,2.7
135,2025-10,33,0,31,2025-10-01 13:23:07,2025-10-28 11:56:56,0.0
140,2023-05,3,3,3,2023-05-31 10:03:42,2023-05-31 13:25:39,100.0
140,2023-06,30,14,23,2023-06-01 09:40:15,2023-06-30 15:46:23,46.67
140,2023-07,1,1,1,2023-07-03 11:15:54,2023-07-03 11:15:54,100.0
140,2023-10,6,0,6,2023-10-25 14:46:07,2023-10-30 09:12:52,0.0
140,2023-11,14,2,13,2023-11-06 10:12:14,2023-11-28 12:25:16,14.29
140,2023-12,3,2,3,2023-12-04 12:44:06,2023-12-06 09:08:28,66.67
140,2025-06,6,3,6,2025-06-20 11:26:47,2025-06-30 10:27:14,50.0
140,2025-07,30,8,24,2025-07-01 11:26:53,2025-07-31 12:52:50,26.67
140,2025-08,29,10,25,2025-08-01 09:48:46,2025-08-29 09:05:40,34.48
140,2025-09,29,6,27,2025-09-01 11:03:59,2025-09-29 13:25:34,20.69
140,2025-10,24,5,23,2025-10-01 12:37:26,2025-10-28 09:11:43,20.83
141,2023-05,5,1,5,2023-05-31 09:19:10,2023-05-31 14:33:06,20.0
141,2023-06,30,10,27,2023-06-01 11:50:35,2023-06-30 11:05:58,33.33
141,2023-07,5,2,5,2023-07-03 11:18:24,2023-07-04 13:18:12,40.0
141,2023-10,5,1,5,2023-10-26 10:58:22,2023-10-30 12:13:17,20.0
141,2023-11,10,4,10,2023-11-07 09:28:17,2023-11-30 15:03:08,40.0
141,2023-12,13,2,12,2023-12-01 10:04:46,2023-12-11 13:07:04,15.38
141,2024-03,2,1,2,2024-03-27 15:24:14,2024-03-29 14:14:04,50.0
141,2024-04,17,4,16,2024-04-02 14:55:42,2024-04-18 09:12:50,23.53
141,2024-09,25,6,24,2024-09-20 10:23:37,2024-09-30 14:19:55,24.0
141,2024-10,29,4,26,2024-10-01 10:27:14,2024-10-11 10:37:51,13.79
141,2024-11,11,3,11,2024-11-15 13:39:45,2024-11-27 14:54:17,27.27
141,2024-12,32,5,29,2024-12-02 11:40:17,2024-12-30 13:05:25,15.62
141,2025-01,36,3,32,2025-01-03 10:42:59,2025-01-31 14:28:56,8.33
141,2025-02,25,5,19,2025-02-03 15:36:01,2025-02-26 11:31:37,20.0
141,2025-03,24,4,20,2025-03-03 12:03:47,2025-03-28 10:14:50,16.67
141,2025-04,8,1,8,2025-04-02 10:43:52,2025-04-11 09:45:59,12.5
141,2025-06,13,5,13,2025-06-23 15:04:45,2025-06-30 11:34:41,38.46
141,2025-07,28,1,24,2025-07-02 10:30:43,2025-07-31 14:49:28,3.57
141,2025-08,28,10,24,2025-08-01 09:02:39,2025-08-29 11:44:14,35.71
141,2025-09,16,0,16,2025-09-01 13:28:40,2025-09-30 11:55:22,0.0
141,2025-10,22,8,20,2025-10-02 13:53:42,2025-10-27 15:22:28,36.36
142,2023-06,45,14,33,2023-06-02 14:41:01,2023-06-30 12:08:45,31.11
142,2023-07,4,1,4,2023-07-03 10:55:46,2023-07-04 11:12:48,25.0
142,2023-08,5,0,5,2023-08-04 14:25:26,2023-08-08 13:42:57,0.0
142,2023-10,7,1,7,2023-10-25 09:45:58,2023-10-30 09:48:31,14.29
142,2023-11,18,7,17,2023-11-03 14:48:27,2023-11-30 15:37:51,38.89
142,2023-12,11,1,11,2023-12-01 10:08:52,2023-12-12 09:10:59,9.09
142,2024-02,21,6,21,2024-02-19 12:32:13,2024-02-26 13:28:04,28.57
142,2024-03,19,3,19,2024-03-05 09:18:59,2024-03-29 11:14:52,15.79
142,2024-04,17,2,17,2024-04-02 10:20:29,2024-04-17 15:29:47,11.76
142,2024-11,24,4,24,2024-11-15 13:16:58,2024-11-28 15:49:59,16.67
142,2024-12,27,7,25,2024-12-03 11:35:57,2024-12-31 12:35:13,25.93
142,2025-01,41,10,35,2025-01-02 09:07:49,2025-01-31 09:04:14,24.39
142,2025-02,37,7,34,2025-02-04 11:42:24,2025-02-27 14:24:00,18.92
142,2025-03,35,4,27,2025-03-04 12:50:55,2025-03-31 15:01:03,11.43
142,2025-04,19,3,19,2025-04-01 11:25:28,2025-04-11 15:22:12,15.79
142,2025-05,24,4,23,2025-05-16 11:46:56,2025-05-29 13:06:21,16.67
142,2025-06,49,4,40,2025-06-02 10:09:07,2025-06-30 13:00:01,8.16
142,2025-07,40,9,37,2025-07-02 11:15:54,2025-07-30 14:56:55,22.5
142,2025-08,33,5,29,2025-08-01 13:11:35,2025-08-29 14:11:46,15.15
142,2025-09,32,5,28,2025-09-01 09:11:38,2025-09-30 11:05:11,15.62
142,2025-10,20,5,20,2025-10-01 10:24:32,2025-10-28 10:31:21,25.0
143,2023-06,43,7,33,2023-06-01 10:47:46,2023-06-30 11:51:11,16.28
143,2023-07,5,1,5,2023-07-03 13:35:25,2023-07-04 11:42:28,20.0
143,2023-08,14,3,14,2023-08-04 09:54:51,2023-08-10 11:01:10,21.43
143,2023-10,17,4,17,2023-10-25 13:25:46,2023-10-31 15:40:54,23.53
143,2023-11,41,4,34,2023-11-02 09:10:12,2023-11-30 15:42:51,9.76
143,2023-12,13,0,13,2023-12-04 09:00:46,2023-12-13 11:24:28,0.0
143,2024-03,8,1,8,2024-03-28 10:35:45,2024-03-29 14:58:57,12.5
143,2024-04,15,0,14,2024-04-02 14:21:16,2024-04-18 12:18:14,0.0
144,2023-06,47,10,35,2023-06-01 13:01:04,2023-06-30 13:01:15,21.28
144,2023-07,2,0,2,2023-07-03 11:27:39,2023-07-03 12:05:15,0.0
144,2023-08,13,1,13,2023-08-04 10:57:37,2023-08-10 11:00:30,7.69
144,2023-10,19,3,19,2023-10-25 14:16:11,2023-10-31 16:09:53,15.79
144,2023-11,41,2,34,2023-11-02 09:31:06,2023-11-30 13:32:41,4.88
144,2023-12,15,3,15,2023-12-01 10:13:58,2023-12-13 13:42:48,20.0
144,2024-01,1,0,1,2024-01-08 14:16:00,2024-01-08 14:16:00,0.0
144,2024-03,3,1,3,2024-03-28 10:53:06,2024-03-29 09:58:49,33.33
144,2024-04,15,0,15,2024-04-02 13:12:08,2024-04-17 10:38:22,0.0
145,2023-06,50,2,34,2023-06-01 11:35:26,2023-06-30 11:07:35,4.0
145,2023-07,2,0,2,2023-07-03 12:15:42,2023-07-04 11:20:40,0.0
145,2023-08,21,3,21,2023-08-03 16:47:02,2023-08-10 10:55:14,14.29
145,2023-10,14,0,14,2023-10-26 10:12:33,2023-10-31 13:05:58,0.0
145,2023-11,34,4,30,2023-11-02 09:06:58,2023-11-30 12:05:30,11.76
145,2023-12,9,0,9,2023-12-04 15:50:08,2023-12-12 16:08:49,0.0
145,2024-03,3,0,3,2024-03-28 12:19:18,2024-03-28 13:42:17,0.0
145,2024-04,15,0,15,2024-04-02 12:31:22,2024-04-17 15:07:36,0.0
157,2023-06,24,2,23,2023-06-19 10:06:24,2023-06-30 13:34:15,8.33
157,2023-07,4,0,4,2023-07-03 10:30:53,2023-07-04 12:44:51,0.0
157,2023-08,8,2,8,2023-08-04 11:12:12,2023-08-09 10:53:43,25.0
157,2023-10,2,0,2,2023-10-25 10:51:58,2023-10-27 10:28:37,0.0
157,2023-11,18,2,17,2023-11-03 15:48:07,2023-11-29 15:28:40,11.11
157,2023-12,16,2,16,2023-12-04 09:02:30,2023-12-13 11:28:43,12.5
157,2024-01,2,1,2,2024-01-08 15:21:55,2024-01-08 15:33:47,50.0
157,2024-02,8,2,8,2024-02-20 11:00:55,2024-02-26 13:42:52,25.0
157,2024-03,16,3,16,2024-03-05 11:06:49,2024-03-29 10:21:13,18.75
157,2024-04,21,4,21,2024-04-02 13:28:23,2024-04-18 09:09:19,19.05
157,2024-11,21,3,21,2024-11-15 13:18:05,2024-11-29 14:48:20,14.29
157,2024-12,29,3,26,2024-12-02 13:56:52,2024-12-31 10:20:59,10.34
157,2025-01,44,2,39,2025-01-02 12:57:30,2025-01-31 12:22:06,4.55
157,2025-02,28,3,27,2025-02-03 14:16:19,2025-02-27 15:34:29,10.71
157,2025-03,30,4,27,2025-03-03 09:21:59,2025-03-31 15:33:44,13.33
157,2025-04,19,2,19,2025-04-01 10:00:53,2025-04-11 12:56:22,10.53
157,2025-05,30,3,28,2025-05-16 12:37:24,2025-05-30 15:55:14,10.0
157,2025-06,40,2,33,2025-06-03 09:09:43,2025-06-30 10:22:31,5.0
157,2025-07,38,6,33,2025-07-01 11:28:16,2025-07-31 14:07:52,15.79
157,2025-08,29,3,28,2025-08-01 09:17:45,2025-08-28 13:03:49,10.34
157,2025-09,34,4,30,2025-09-02 10:15:39,2025-09-30 11:31:48,11.76
157,2025-10,26,4,23,2025-10-01 13:54:55,2025-10-28 12:32:02,15.38
158,2023-06,15,0,15,2023-06-19 12:29:25,2023-06-28 11:38:11,0.0
158,2023-07,6,1,6,2023-07-03 10:40:32,2023-07-04 12:11:57,16.67
158,2023-08,9,0,9,2023-08-04 12:53:29,2023-08-09 11:32:12,0.0
158,2023-10,8,0,8,2023-10-25 09:35:16,2023-10-26 13:34:13,0.0
158,2023-11,21,0,19,2023-11-03 15:30:11,2023-11-30 11:38:53,0.0
158,2023-12,15,0,15,2023-12-01 12:22:06,2023-12-13 11:07:42,0.0
158,2024-01,1,0,1,2024-01-08 15:26:56,2024-01-08 15:26:56,0.0
158,2024-02,17,0,17,2024-02-19 12:19:07,2024-02-23 14:21:41,0.0
158,2024-03,26,0,24,2024-03-05 09:05:32,2024-03-29 11:30:42,0.0
158,2024-04,27,0,24,2024-04-02 09:18:22,2024-04-18 10:33:04,0.0
158,2024-11,24,1,24,2024-11-15 16:00:54,2024-11-29 13:56:28,4.17
158,2024-12,24,1,22,2024-12-02 10:17:14,2024-12-30 15:19:48,4.17
158,2025-01,43,1,33,2025-01-02 11:43:41,2025-01-31 12:54:39,2.33
158,2025-02,37,0,32,2025-02-03 12:52:08,2025-02-28 13:55:36,0.0
158,2025-03,35,0,29,2025-03-03 12:22:12,2025-03-31 14:43:00,0.0
158,2025-04,22,0,21,2025-04-01 09:03:03,2025-04-14 09:32:42,0.0
158,2025-05,30,0,29,2025-05-16 12:24:59,2025-05-30 09:08:07,0.0
158,2025-06,40,0,36,2025-06-02 09:27:05,2025-06-30 15:25:24,0.0
158,2025-07,40,1,32,2025-07-01 09:45:21,2025-07-31 13:01:37,2.5
158,2025-08,40,0,33,2025-08-01 10:27:31,2025-08-29 14:16:05,0.0
158,2025-09,34,1,30,2025-09-01 13:42:39,2025-09-30 13:40:21,2.94
158,2025-10,34,0,30,2025-10-01 09:41:17,2025-10-28 11:00:16,0.0
159,2023-06,23,3,23,2023-06-19 15:22:53,2023-06-30 11:20:55,13.04
159,2023-07,3,0,3,2023-07-03 12:07:19,2023-07-04 11:47:38,0.0
159,2023-08,8,0,8,2023-08-04 10:53:40,2023-08-09 11:42:59,0.0
159,2023-10,8,2,8,2023-10-25 10:54:12,2023-10-30 11:03:12,25.0
159,2023-11,15,1,15,2023-11-07 12:17:14,2023-11-30 12:48:57,6.67
159,2023-12,10,1,10,2023-12-04 10:34:03,2023-12-13 10:32:17,10.0
159,2024-01,2,0,2,2024-01-08 14:35:10,2024-01-08 15:25:50,0.0
159,2024-02,8,1,8,2024-02-19 13:10:53,2024-02-22 10:48:49,12.5
159,2024-03,21,1,21,2024-03-05 13:26:46,2024-03-28 11:50:14,4.76
159,2024-04,21,1,21,2024-04-03 13:28:22,2024-04-18 12:07:08,4.76
159,2024-11,22,2,22,2024-11-15 13:24:28,2024-11-29 09:55:14,9.09
159,2024-12,26,0,23,2024-12-02 10:32:09,2024-12-31 11:38:48,0.0
159,2025-01,38,1,32,2025-01-02 11:13:59,2025-01-30 15:15:54,2.63
159,2025-02,24,0,22,2025-02-03 13:15:38,2025-02-28 12:46:59,0.0
159,2025-03,38,2,31,2025-03-03 13:12:14,2025-03-31 12:56:18,5.26
159,2025-04,14,1,14,2025-04-01 10:40:42,2025-04-11 09:17:33,7.14
159,2025-05,27,0,23,2025-05-16 13:28:19,2025-05-30 16:00:24,0.0
159,2025-06,41,0,32,2025-06-02 09:10:36,2025-06-30 10:20:39,0.0
159,2025-07,36,0,35,2025-07-01 10:23:17,2025-07-31 14:44:22,0.0
159,2025-08,38,1,33,2025-08-01 12:56:27,2025-08-29 13:49:32,2.63
159,2025-09,30,2,27,2025-09-01 10:08:02,2025-09-30 14:39:53,6.67
159,2025-10,28,3,26,2025-10-01 09:39:52,2025-10-28 13:05:21,10.71
160,2023-06,23,11,22,2023-06-20 09:12:51,2023-06-30 13:41:20,47.83
160,2023-07,1,0,1,2023-07-04 09:06:57,2023-07-04 09:06:57,0.0
160,2023-10,8,5,8,2023-10-25 09:32:59,2023-10-30 15:54:20,62.5
160,2023-11,20,9,16,2023-11-06 10:03:27,2023-11-29 13:51:13,45.0
160,2023-12,7,4,7,2023-12-01 09:14:02,2023-12-13 12:13:00,57.14
160,2024-02,100,44,77,2024-02-06 13:25:47,2024-02-26 14:03:33,44.0
160,2024-03,76,20,58,2024-03-05 10:46:44,2024-03-29 09:51:09,26.32
160,2024-04,15,3,15,2024-04-02 11:47:56,2024-04-17 09:24:38,20.0
160,2024-05,22,6,22,2024-05-17 14:30:28,2024-05-21 13:56:15,27.27
160,2024-11,21,8,21,2024-11-18 10:02:13,2024-11-29 12:25:21,38.1
160,2024-12,36,15,30,2024-12-02 09:08:41,2024-12-31 10:27:44,41.67
160,2025-01,35,11,34,2025-01-02 09:09:19,2025-01-30 10:13:48,31.43
160,2025-02,43,13,38,2025-02-03 10:17:56,2025-02-28 12:10:20,30.23
160,2025-03,46,18,41,2025-03-03 10:47:51,2025-03-31 14:56:51,39.13
160,2025-04,18,10,18,2025-04-01 09:41:40,2025-04-11 11:39:04,55.56
160,2025-06,12,6,12,2025-06-18 15:39:20,2025-06-25 11:03:17,50.0
160,2025-07,48,15,41,2025-07-01 09:16:07,2025-07-30 12:25:59,31.25
160,2025-08,32,11,29,2025-08-01 11:49:09,2025-08-29 14:29:10,34.38
160,2025-09,29,5,26,2025-09-01 12:43:48,2025-09-29 09:43:00,17.24
160,2025-10,31,10,30,2025-10-01 10:18:38,2025-10-28 10:32:25,32.26
162,2023-06,22,3,21,2023-06-20 09:34:50,2023-06-30 13:56:41,13.64
162,2023-07,4,0,4,2023-07-03 13:29:38,2023-07-04 14:15:00,0.0
162,2023-10,7,0,7,2023-10-25 10:38:01,2023-10-30 11:13:04,0.0
162,2023-11,21,7,18,2023-11-03 15:13:52,2023-11-30 16:56:38,33.33
162,2023-12,10,1,10,2023-12-01 09:21:39,2023-12-08 09:32:48,10.0
162,2024-02,94,8,78,2024-02-06 13:32:11,2024-02-26 12:55:27,8.51
162,2024-03,66,4,53,2024-03-05 10:13:14,2024-03-29 14:24:42,6.06
162,2024-04,23,2,23,2024-04-02 13:02:42,2024-04-18 10:30:14,8.7
162,2024-05,20,0,20,2024-05-17 14:24:43,2024-05-21 14:11:56,0.0
162,2024-11,15,2,14,2024-11-15 13:22:35,2024-11-29 10:33:32,13.33
162,2024-12,29,4,27,2024-12-04 13:44:53,2024-12-31 13:34:51,13.79
162,2025-01,40,8,37,2025-01-02 10:58:33,2025-01-31 14:19:53,20.0
162,2025-02,37,4,31,2025-02-03 09:57:28,2025-02-27 14:06:53,10.81
162,2025-03,40,6,36,2025-03-03 09:54:41,2025-03-31 10:14:12,15.0
162,2025-04,12,1,12,2025-04-01 11:45:04,2025-04-11 13:54:37,8.33
162,2025-06,15,2,15,2025-06-20 10:37:31,2025-06-26 14:11:37,13.33
162,2025-07,43,7,35,2025-07-01 09:38:41,2025-07-31 13:24:43,16.28
162,2025-08,39,6,35,2025-08-01 09:11:39,2025-08-29 12:57:11,15.38
162,2025-09,31,2,27,2025-09-01 10:19:08,2025-09-30 13:28:35,6.45
162,2025-10,33,4,30,2025-10-01 11:23:22,2025-10-28 13:02:45,12.12
176,2023-08,8,0,8,2023-08-09 09:32:30,2023-08-14 11:12:21,0.0
176,2023-10,4,0,4,2023-10-26 12:55:34,2023-10-31 10:11:59,0.0
176,2023-11,11,0,10,2023-11-02 09:47:48,2023-11-29 12:59:39,0.0
176,2023-12,9,0,9,2023-12-04 13:46:21,2023-12-13 13:15:55,0.0
176,2024-01,1,0,1,2024-01-08 14:26:26,2024-01-08 14:26:26,0.0
176,2024-02,9,1,9,2024-02-19 12:38:32,2024-02-26 14:38:48,11.11
176,2024-03,11,2,11,2024-03-05 10:06:13,2024-03-13 11:08:30,18.18
176,2024-04,15,1,14,2024-04-02 09:20:32,2024-04-17 11:02:50,6.67
176,2024-11,12,0,11,2024-11-18 10:30:40,2024-11-29 10:44:25,0.0
176,2024-12,20,3,16,2024-12-03 09:21:06,2024-12-30 15:38:32,15.0
176,2025-01,26,0,22,2025-01-07 09:20:21,2025-01-29 11:28:53,0.0
176,2025-02,22,2,20,2025-02-03 15:44:42,2025-02-28 12:59:02,9.09
176,2025-03,24,1,20,2025-03-03 09:02:40,2025-03-31 11:07:21,4.17
176,2025-04,8,2,8,2025-04-01 12:11:24,2025-04-10 13:24:16,25.0
176,2025-05,7,0,7,2025-05-27 12:34:04,2025-05-30 10:30:01,0.0
176,2025-06,28,2,23,2025-06-03 11:47:48,2025-06-26 09:37:13,7.14
176,2025-07,20,1,16,2025-07-02 09:39:44,2025-07-30 10:42:22,5.0
176,2025-08,19,1,17,2025-08-04 10:56:10,2025-08-28 09:26:33,5.26
176,2025-09,23,1,21,2025-09-01 10:37:52,2025-09-30 13:08:10,4.35
176,2025-10,22,1,17,2025-10-01 09:40:13,2025-10-28 11:07:04,4.55
177,2023-08,12,1,11,2023-08-04 10:55:05,2023-08-14 14:59:20,8.33
177,2023-10,5,1,5,2023-10-27 13:24:07,2023-10-31 14:40:14,20.0
177,2023-11,8,2,8,2023-11-02 11:50:18,2023-11-29 09:00:30,25.0
177,2023-12,9,1,9,2023-12-01 15:15:08,2023-12-12 12:25:27,11.11
177,2024-02,10,1,10,2024-02-20 09:27:15,2024-02-26 14:41:46,10.0
177,2024-03,11,3,11,2024-03-05 12:49:28,2024-03-28 09:27:45,27.27
177,2024-04,10,2,10,2024-04-02 15:10:01,2024-04-12 10:49:22,20.0
177,2024-11,11,0,11,2024-11-20 09:29:30,2024-11-29 10:17:06,0.0
177,2024-12,24,2,21,2024-12-02 11:17:10,2024-12-30 11:37:12,8.33
177,2025-01,23,3,20,2025-01-02 12:33:41,2025-01-31 10:24:01,13.04
177,2025-02,21,2,19,2025-02-03 10:52:07,2025-02-28 14:05:44,9.52
177,2025-03,22,0,20,2025-03-04 13:34:35,2025-03-31 11:48:24,0.0
177,2025-04,10,0,10,2025-04-01 09:01:33,2025-04-04 14:17:25,0.0
177,2025-05,7,2,7,2025-05-27 13:20:34,2025-05-30 10:19:00,28.57
177,2025-06,30,1,26,2025-06-03 09:50:54,2025-06-30 13:14:41,3.33
177,2025-07,28,1,23,2025-07-01 09:27:46,2025-07-31 10:31:11,3.57
177,2025-08,19,0,18,2025-08-05 13:16:36,2025-08-29 09:16:39,0.0
177,2025-09,20,2,18,2025-09-01 10:26:57,2025-09-30 12:05:59,10.0
177,2025-10,16,1,16,2025-10-01 09:23:04,2025-10-22 14:41:13,6.25
184,2023-10,7,1,7,2023-10-25 13:15:41,2023-10-30 10:07:34,14.29
184,2023-11,21,5,20,2023-11-08 09:17:48,2023-11-30 15:45:11,23.81
184,2023-12,23,0,22,2023-12-01 11:21:55,2023-12-13 12:09:18,0.0
184,2024-02,22,2,22,2024-02-19 13:26:32,2024-02-26 13:18:09,9.09
184,2024-03,21,0,21,2024-03-05 09:39:15,2024-03-29 14:47:24,0.0
184,2024-04,16,0,15,2024-04-02 12:03:05,2024-04-17 13:56:32,0.0
184,2024-11,29,5,28,2024-11-15 13:20:34,2024-11-29 12:54:14,17.24
184,2024-12,28,3,23,2024-12-02 09:03:24,2024-12-30 12:22:01,10.71
184,2025-01,42,5,37,2025-01-02 12:59:03,2025-01-31 15:10:02,11.9
184,2025-02,32,1,30,2025-02-03 10:18:11,2025-02-27 13:01:55,3.12
184,2025-03,43,5,39,2025-03-03 11:58:27,2025-03-31 14:09:08,11.63
184,2025-04,23,1,23,2025-04-03 11:53:31,2025-04-11 14:32:55,4.35
184,2025-05,37,4,35,2025-05-19 11:24:37,2025-05-30 14:10:05,10.81
184,2025-06,52,6,43,2025-06-02 10:37:27,2025-06-30 13:32:44,11.54
184,2025-07,39,2,34,2025-07-01 10:06:37,2025-07-31 12:49:26,5.13
184,2025-08,38,1,33,2025-08-04 10:12:40,2025-08-28 13:27:04,2.63
184,2025-09,32,1,30,2025-09-01 09:41:12,2025-09-30 11:49:58,3.12
184,2025-10,29,2,27,2025-10-01 11:10:04,2025-10-28 12:55:30,6.9
185,2023-10,5,2,5,2023-10-25 10:04:06,2023-10-30 15:54:41,40.0
185,2023-11,21,7,19,2023-11-06 10:43:50,2023-11-30 16:56:17,33.33
185,2023-12,13,2,13,2023-12-01 11:39:59,2023-12-13 13:35:25,15.38
185,2024-01,1,0,1,2024-01-08 14:43:49,2024-01-08 14:43:49,0.0
185,2024-02,19,2,19,2024-02-19 13:27:00,2024-02-26 13:24:18,10.53
185,2024-03,20,3,19,2024-03-05 09:21:34,2024-03-28 15:47:31,15.0
185,2024-04,25,4,24,2024-04-02 12:21:37,2024-04-18 09:17:32,16.0
185,2024-11,21,4,20,2024-11-15 13:22:32,2024-11-28 14:13:27,19.05
185,2024-12,35,4,28,2024-12-02 11:50:36,2024-12-31 10:19:25,11.43
185,2025-01,35,7,31,2025-01-02 09:13:29,2025-01-31 12:27:17,20.0
185,2025-02,35,5,31,2025-02-04 09:37:26,2025-02-28 11:25:13,14.29
185,2025-03,40,9,35,2025-03-03 12:07:08,2025-03-31 11:51:20,22.5
185,2025-04,21,8,21,2025-04-01 09:21:41,2025-04-11 15:04:00,38.1
185,2025-05,27,7,27,2025-05-16 11:33:20,2025-05-30 13:46:28,25.93
185,2025-06,46,12,39,2025-06-02 09:33:17,2025-06-30 10:33:45,26.09
185,2025-07,39,7,34,2025-07-02 09:33:50,2025-07-31 14:26:33,17.95
185,2025-08,36,5,32,2025-08-01 09:48:48,2025-08-29 10:10:51,13.89
185,2025-09,26,6,24,2025-09-01 10:07:51,2025-09-30 10:02:57,23.08
185,2025-10,36,4,30,2025-10-01 09:19:41,2025-10-28 12:50:15,11.11
186,2023-10,5,1,5,2023-10-25 11:33:51,2023-10-27 11:23:49,20.0
186,2023-11,18,4,18,2023-11-06 13:45:31,2023-11-30 15:57:27,22.22
186,2023-12,15,4,15,2023-12-01 10:02:27,2023-12-12 14:12:15,26.67
186,2024-02,15,5,15,2024-02-19 14:50:14,2024-02-26 13:03:05,33.33
186,2024-03,16,2,15,2024-03-05 10:13:23,2024-03-29 11:28:43,12.5
186,2024-04,19,3,19,2024-04-02 13:26:45,2024-04-17 12:51:42,15.79
186,2024-11,20,3,19,2024-11-15 15:07:55,2024-11-29 15:04:48,15.0
186,2024-12,38,9,32,2024-12-02 14:05:32,2024-12-31 12:56:18,23.68
186,2025-01,26,10,25,2025-01-02 14:48:52,2025-01-31 14:36:57,38.46
186,2025-02,42,7,34,2025-02-03 11:04:48,2025-02-28 15:37:19,16.67
186,2025-03,33,5,29,2025-03-03 10:38:29,2025-03-31 12:47:04,15.15
186,2025-04,17,3,17,2025-04-01 12:45:14,2025-04-11 11:48:12,17.65
186,2025-05,30,7,30,2025-05-16 12:40:27,2025-05-30 14:18:02,23.33
186,2025-06,49,5,41,2025-06-02 10:03:02,2025-06-30 13:24:45,10.2
186,2025-07,37,6,33,2025-07-01 09:17:48,2025-07-31 12:47:31,16.22
186,2025-08,35,6,31,2025-08-01 10:28:44,2025-08-29 13:23:02,17.14
186,2025-09,33,7,30,2025-09-01 09:07:17,2025-09-30 12:33:47,21.21
186,2025-10,25,2,23,2025-10-01 09:34:37,2025-10-27 10:53:41,8.0
187,2023-10,6,1,6,2023-10-26 10:55:30,2023-10-30 09:09:13,16.67
187,2023-11,21,1,18,2023-11-06 14:31:59,2023-11-30 14:04:17,4.76
187,2023-12,12,1,12,2023-12-04 10:05:07,2023-12-13 12:51:59,8.33
187,2024-01,2,0,2,2024-01-08 15:20:54,2024-01-08 15:27:31,0.0
187,2024-02,12,0,12,2024-02-19 15:37:04,2024-02-26 14:53:28,0.0
187,2024-03,22,0,22,2024-03-05 14:21:37,2024-03-29 15:00:11,0.0
187,2024-04,14,0,13,2024-04-02 13:29:29,2024-04-18 10:51:23,0.0
187,2024-11,23,1,23,2024-11-15 14:19:08,2024-11-29 12:53:47,4.35
187,2024-12,32,0,30,2024-12-05 10:29:44,2024-12-31 10:32:21,0.0
187,2025-01,35,0,29,2025-01-02 11:21:58,2025-01-31 13:32:19,0.0
187,2025-02,27,0,24,2025-02-03 13:41:07,2025-02-28 14:19:07,0.0
187,2025-03,47,1,41,2025-03-03 09:39:10,2025-03-31 09:19:49,2.13
187,2025-04,21,1,21,2025-04-01 12:54:33,2025-04-11 14:25:13,4.76
187,2025-05,40,0,40,2025-05-16 14:00:52,2025-05-30 13:40:34,0.0
187,2025-06,49,0,37,2025-06-02 11:20:38,2025-06-30 15:26:29,0.0
187,2025-07,47,4,39,2025-07-01 09:46:25,2025-07-31 14:31:55,8.51
187,2025-08,29,1,22,2025-08-01 09:41:48,2025-08-29 12:38:59,3.45
187,2025-09,33,1,28,2025-09-01 09:06:04,2025-09-30 13:12:50,3.03
187,2025-10,28,0,25,2025-10-01 11:41:52,2025-10-28 12:42:01,0.0
188,2023-10,11,1,11,2023-10-25 13:06:18,2023-10-30 10:08:31,9.09
188,2023-11,16,1,16,2023-11-03 15:06:58,2023-11-30 11:13:52,6.25
188,2023-12,13,0,13,2023-12-01 09:07:34,2023-12-13 11:17:10,0.0
188,2024-02,13,1,13,2024-02-20 11:47:02,2024-02-26 14:27:58,7.69
188,2024-03,24,0,24,2024-03-05 09:37:00,2024-03-29 10:55:03,0.0
188,2024-04,15,0,15,2024-04-02 13:26:11,2024-04-18 10:48:15,0.0
188,2024-11,26,1,25,2024-11-15 15:34:24,2024-11-29 13:50:03,3.85
188,2024-12,35,0,33,2024-12-03 11:22:40,2024-12-31 12:34:16,0.0
188,2025-01,42,2,37,2025-01-02 13:39:32,2025-01-30 10:29:47,4.76
188,2025-02,39,0,35,2025-02-03 12:25:40,2025-02-28 14:07:33,0.0
188,2025-03,49,0,45,2025-03-03 10:33:21,2025-03-31 11:16:41,0.0
188,2025-04,13,2,13,2025-04-01 09:30:52,2025-04-11 14:27:26,15.38
188,2025-05,30,0,30,2025-05-16 12:38:41,2025-05-30 13:30:38,0.0
188,2025-06,44,0,36,2025-06-02 09:49:44,2025-06-30 13:34:16,0.0
188,2025-07,42,3,37,2025-07-02 09:19:17,2025-07-31 13:58:01,7.14
188,2025-08,40,5,33,2025-08-01 09:59:59,2025-08-29 15:40:31,12.5
188,2025-09,36,0,31,2025-09-01 10:57:33,2025-09-30 15:15:31,0.0
188,2025-10,34,1,31,2025-10-02 10:12:12,2025-10-27 15:31:20,2.94
189,2023-10,7,1,7,2023-10-25 10:22:52,2023-10-30 09:13:04,14.29
189,2023-11,26,7,24,2023-11-03 16:15:12,2023-11-30 13:14:09,26.92
189,2023-12,12,1,12,2023-12-01 11:31:40,2023-12-12 13:32:23,8.33
189,2024-02,97,11,77,2024-02-06 13:21:27,2024-02-26 12:20:44,11.34
189,2024-03,62,5,55,2024-03-05 09:04:53,2024-03-29 10:53:58,8.06
189,2024-04,12,0,11,2024-04-03 13:07:14,2024-04-17 13:09:48,0.0
189,2024-05,22,1,22,2024-05-17 15:03:21,2024-05-21 13:19:35,4.55
189,2024-11,14,2,14,2024-11-15 13:19:22,2024-11-28 10:39:08,14.29
189,2024-12,39,3,33,2024-12-02 09:24:45,2024-12-31 12:02:13,7.69
189,2025-01,38,2,33,2025-01-02 14:02:09,2025-01-30 11:36:15,5.26
189,2025-02,30,2,26,2025-02-04 12:36:09,2025-02-28 14:13:02,6.67
189,2025-03,43,3,34,2025-03-03 11:21:04,2025-03-31 13:56:53,6.98
189,2025-04,12,1,12,2025-04-01 12:08:16,2025-04-11 15:59:37,8.33
189,2025-06,14,1,14,2025-06-20 15:15:08,2025-06-30 12:28:22,7.14
189,2025-07,36,2,29,2025-07-01 09:32:31,2025-07-31 14:32:31,5.56
189,2025-08,31,0,29,2025-08-01 10:56:48,2025-08-29 14:58:18,0.0
189,2025-09,35,1,33,2025-09-01 10:19:45,2025-09-30 12:36:31,2.86
189,2025-10,37,1,34,2025-10-01 09:31:22,2025-10-28 11:57:29,2.7
190,2023-10,6,1,6,2023-10-25 14:01:51,2023-10-27 13:41:44,16.67
190,2023-11,11,2,11,2023-11-06 12:50:36,2023-11-30 14:55:14,18.18
190,2023-12,15,0,15,2023-12-01 11:54:04,2023-12-13 12:18:07,0.0
190,2024-02,97,5,75,2024-02-06 13:40:14,2024-02-26 12:56:40,5.15
190,2024-03,70,2,59,2024-03-05 11:34:12,2024-03-29 09:26:36,2.86
190,2024-04,20,3,19,2024-04-02 12:37:59,2024-04-18 11:54:38,15.0
190,2024-05,19,0,19,2024-05-17 14:27:38,2024-05-21 11:51:05,0.0
190,2024-11,18,1,18,2024-11-18 11:38:05,2024-11-29 09:37:02,5.56
190,2024-12,33,5,31,2024-12-02 09:55:48,2024-12-31 10:23:37,15.15
190,2025-01,31,2,29,2025-01-02 11:47:24,2025-01-31 16:03:18,6.45
190,2025-02,35,4,30,2025-02-03 12:35:11,2025-02-28 13:51:06,11.43
190,2025-03,44,2,35,2025-03-03 11:06:22,2025-03-31 15:16:57,4.55
190,2025-04,12,1,12,2025-04-01 13:06:36,2025-04-14 09:05:39,8.33
190,2025-06,10,0,10,2025-06-20 14:24:45,2025-06-30 13:41:05,0.0
190,2025-07,43,3,40,2025-07-01 09:56:36,2025-07-31 12:12:44,6.98
190,2025-08,24,1,23,2025-08-01 09:19:20,2025-08-29 11:32:23,4.17
190,2025-09,35,1,31,2025-09-02 12:06:55,2025-09-29 14:43:38,2.86
190,2025-10,32,1,25,2025-10-01 12:16:33,2025-10-28 12:57:17,3.12
191,2023-10,6,3,6,2023-10-25 10:42:25,2023-10-27 11:45:42,50.0
191,2023-11,25,9,23,2023-11-06 09:12:14,2023-11-30 13:33:47,36.0
191,2023-12,15,4,15,2023-12-01 09:19:33,2023-12-13 12:31:12,26.67
191,2024-01,1,0,1,2024-01-08 14:16:17,2024-01-08 14:16:17,0.0
191,2024-02,16,3,16,2024-02-20 10:21:27,2024-02-26 10:18:57,18.75
191,2024-03,21,3,20,2024-03-05 11:55:32,2024-03-29 12:08:01,14.29
191,2024-04,25,3,25,2024-04-02 09:24:29,2024-04-18 11:44:57,12.0
191,2024-11,14,3,13,2024-11-15 14:09:12,2024-11-29 09:17:12,21.43
191,2024-12,35,7,31,2024-12-02 10:15:00,2024-12-30 15:47:11,20.0
191,2025-01,33,2,30,2025-01-02 15:05:21,2025-01-31 12:19:19,6.06
191,2025-02,32,1,29,2025-02-03 11:03:46,2025-02-28 14:49:45,3.12
191,2025-03,50,7,42,2025-03-03 09:43:50,2025-03-31 14:58:54,14.0
191,2025-04,23,2,22,2025-04-01 10:32:06,2025-04-11 15:30:24,8.7
191,2025-05,34,6,34,2025-05-16 13:14:31,2025-05-30 13:51:43,17.65
191,2025-06,42,5,36,2025-06-02 09:53:06,2025-06-30 14:05:57,11.9
191,2025-07,37,5,33,2025-07-01 10:58:07,2025-07-31 09:46:01,13.51
191,2025-08,30,3,27,2025-08-01 10:37:42,2025-08-27 10:18:11,10.0
191,2025-09,42,5,37,2025-09-01 13:35:21,2025-09-30 14:53:08,11.9
191,2025-10,26,1,21,2025-10-01 09:37:46,2025-10-28 11:18:35,3.85
193,2023-10,4,0,4,2023-10-26 10:40:55,2023-10-30 10:09:54,0.0
193,2023-11,17,8,14,2023-11-03 15:01:03,2023-11-30 15:33:14,47.06
193,2023-12,8,3,8,2023-12-01 12:51:14,2023-12-13 11:58:39,37.5
193,2024-03,2,2,2,2024-03-28 10:53:00,2024-03-29 12:15:27,100.0
193,2024-04,20,6,20,2024-04-02 13:37:06,2024-04-18 10:14:30,30.0
193,2024-09,26,12,25,2024-09-20 13:24:52,2024-09-30 15:01:16,46.15
193,2024-10,29,12,28,2024-10-01 10:16:42,2024-10-11 11:03:43,41.38
193,2024-11,13,5,13,2024-11-18 09:25:05,2024-11-28 15:20:16,38.46
193,2024-12,24,8,20,2024-12-03 11:00:28,2024-12-31 11:09:21,33.33
193,2025-01,24,9,24,2025-01-02 11:09:52,2025-01-28 13:58:52,37.5
193,2025-02,23,9,23,2025-02-03 09:34:02,2025-02-28 11:34:01,39.13
193,2025-03,26,12,23,2025-03-03 10:23:43,2025-03-31 13:08:46,46.15
193,2025-04,14,5,14,2025-04-01 14:44:46,2025-04-11 11:46:21,35.71
193,2025-06,8,5,8,2025-06-23 13:58:49,2025-06-30 14:37:57,62.5
193,2025-07,24,12,22,2025-07-01 10:21:59,2025-07-31 15:43:10,50.0
193,2025-08,27,11,26,2025-08-04 10:49:28,2025-08-29 10:21:45,40.74
193,2025-09,28,11,24,2025-09-03 09:00:13,2025-09-30 14:57:04,39.29
193,2025-10,20,11,19,2025-10-01 14:31:52,2025-10-23 13:53:45,55.0
194,2023-10,4,1,4,2023-10-26 13:52:35,2023-10-30 10:31:46,25.0
194,2023-11,17,0,16,2023-11-03 14:55:22,2023-11-29 09:48:39,0.0
194,2023-12,10,1,10,2023-12-04 14:23:52,2023-12-13 11:27:55,10.0
194,2024-01,1,0,1,2024-01-08 15:26:40,2024-01-08 15:26:40,0.0
194,2024-03,3,0,3,2024-03-27 15:31:08,2024-03-29 12:18:55,0.0
194,2024-04,21,2,20,2024-04-02 15:11:31,2024-04-16 15:02:28,9.52
194,2024-09,31,2,27,2024-09-20 11:10:54,2024-09-30 14:33:59,6.45
194,2024-10,26,2,25,2024-10-01 09:45:15,2024-10-11 11:00:04,7.69
194,2024-11,20,1,20,2024-11-15 15:58:29,2024-11-29 10:00:56,5.0
194,2024-12,20,0,18,2024-12-02 12:16:13,2024-12-30 09:32:48,0.0
194,2025-01,41,2,33,2025-01-02 11:12:07,2025-01-31 15:18:05,4.88
194,2025-02,21,2,19,2025-02-03 10:22:19,2025-02-28 14:08:17,9.52
194,2025-03,26,0,23,2025-03-03 13:44:13,2025-03-31 12:44:29,0.0
194,2025-04,14,1,14,2025-04-01 11:37:18,2025-04-09 11:03:59,7.14
194,2025-06,8,0,8,2025-06-20 15:45:30,2025-06-27 11:27:31,0.0
194,2025-07,24,3,23,2025-07-02 11:31:11,2025-07-31 11:25:14,12.5
194,2025-08,28,0,27,2025-08-01 15:07:03,2025-08-29 15:45:01,0.0
194,2025-09,23,0,19,2025-09-01 11:42:53,2025-09-29 12:14:31,0.0
194,2025-10,21,2,21,2025-10-02 10:24:11,2025-10-28 12:29:24,9.52
196,2023-10,3,1,3,2023-10-26 16:06:55,2023-10-30 11:18:49,33.33
196,2023-11,17,3,16,2023-11-06 11:42:46,2023-11-30 16:15:51,17.65
196,2023-12,18,3,18,2023-12-01 09:06:55,2023-12-12 11:04:27,16.67
196,2024-01,1,0,1,2024-01-08 15:08:14,2024-01-08 15:08:14,0.0
196,2024-02,14,0,14,2024-02-20 12:31:12,2024-02-26 13:30:59,0.0
196,2024-03,26,10,25,2024-03-05 09:57:45,2024-03-29 09:03:32,38.46
196,2024-04,12,1,11,2024-04-02 14:15:35,2024-04-16 13:36:05,8.33
196,2024-11,18,2,18,2024-11-15 14:51:15,2024-11-29 15:28:26,11.11
196,2024-12,42,4,40,2024-12-02 10:19:49,2024-12-31 12:46:36,9.52
196,2025-01,28,3,22,2025-01-02 12:18:50,2025-01-30 15:02:25,10.71
196,2025-02,37,7,32,2025-02-03 15:50:37,2025-02-28 13:45:50,18.92
196,2025-03,37,2,33,2025-03-03 12:12:11,2025-03-31 13:42:33,5.41
196,2025-04,24,2,24,2025-04-01 14:05:18,2025-04-11 09:41:18,8.33
196,2025-05,34,6,31,2025-05-16 12:03:39,2025-05-30 15:32:12,17.65
196,2025-06,43,2,36,2025-06-02 11:21:45,2025-06-30 09:17:14,4.65
196,2025-07,33,1,29,2025-07-03 09:37:38,2025-07-31 10:22:49,3.03
196,2025-08,36,0,33,2025-08-01 11:59:14,2025-08-29 13:39:59,0.0
196,2025-09,36,2,31,2025-09-02 10:24:47,2025-09-30 12:04:33,5.56
196,2025-10,39,1,33,2025-10-01 10:31:34,2025-10-28 13:04:34,2.56
198,2023-10,3,0,3,2023-10-27 10:58:59,2023-10-30 10:35:09,0.0
198,2023-11,26,1,25,2023-11-03 16:39:22,2023-11-30 15:02:01,3.85
198,2023-12,15,1,14,2023-12-01 15:22:08,2023-12-13 11:41:18,6.67
198,2024-01,1,0,1,2024-01-08 15:34:24,2024-01-08 15:34:24,0.0
198,2024-02,19,0,19,2024-02-19 12:37:10,2024-02-26 15:56:01,0.0
198,2024-03,26,0,26,2024-03-05 09:15:37,2024-03-29 14:51:24,0.0
198,2024-04,25,0,23,2024-04-02 09:32:54,2024-04-18 12:05:22,0.0
198,2024-11,21,0,21,2024-11-15 15:56:58,2024-11-29 13:20:10,0.0
198,2024-12,35,1,31,2024-12-02 09:14:19,2024-12-30 11:37:37,2.86
198,2025-01,38,2,31,2025-01-02 10:05:38,2025-01-31 14:03:57,5.26
198,2025-02,27,0,25,2025-02-03 10:45:15,2025-02-28 11:40:29,0.0
198,2025-03,58,1,48,2025-03-03 12:31:51,2025-03-31 13:34:50,1.72
198,2025-04,21,0,21,2025-04-02 12:54:23,2025-04-11 13:24:10,0.0
198,2025-05,22,1,22,2025-05-16 11:55:21,2025-05-29 15:24:37,4.55
198,2025-06,43,4,36,2025-06-02 10:38:50,2025-06-25 13:45:00,9.3
198,2025-07,50,1,41,2025-07-01 11:13:25,2025-07-31 15:37:56,2.0
198,2025-08,34,1,31,2025-08-01 11:21:20,2025-08-28 12:27:37,2.94
198,2025-09,41,0,36,2025-09-01 09:29:21,2025-09-30 14:02:45,0.0
198,2025-10,27,3,27,2025-10-02 10:59:15,2025-10-28 09:13:50,11.11
199,2023-10,4,3,4,2023-10-27 09:12:28,2023-10-30 11:15:56,75.0
199,2023-11,22,6,22,2023-11-06 11:13:26,2023-11-30 12:55:59,27.27
199,2023-12,17,4,17,2023-12-01 14:43:03,2023-12-13 14:12:35,23.53
199,2024-01,2,1,2,2024-01-08 14:20:47,2024-01-08 15:18:35,50.0
199,2024-02,20,4,20,2024-02-20 11:03:08,2024-02-26 13:06:58,20.0
199,2024-03,22,3,20,2024-03-05 09:10:31,2024-03-29 15:17:38,13.64
199,2024-04,25,5,24,2024-04-02 09:12:08,2024-04-18 12:57:33,20.0
199,2024-11,20,4,19,2024-11-15 12:58:16,2024-11-28 14:24:04,20.0
199,2024-12,34,4,27,2024-12-02 09:17:08,2024-12-30 10:55:14,11.76
199,2025-01,41,9,36,2025-01-02 13:09:35,2025-01-30 15:11:58,21.95
199,2025-02,33,6,27,2025-02-04 09:36:46,2025-02-28 14:55:50,18.18
199,2025-03,37,6,30,2025-03-03 10:31:17,2025-03-31 15:34:53,16.22
199,2025-04,21,4,21,2025-04-01 10:19:14,2025-04-11 12:10:43,19.05
200,2023-10,2,1,2,2023-10-30 10:05:37,2023-10-30 12:06:20,50.0
200,2023-11,17,4,16,2023-11-07 14:49:54,2023-11-30 13:16:10,23.53
200,2023-12,2,1,2,2023-12-01 09:11:05,2023-12-06 11:55:06,50.0
200,2024-03,2,1,2,2024-03-28 12:53:14,2024-03-29 13:26:39,50.0
200,2024-04,20,3,19,2024-04-02 10:08:54,2024-04-18 11:14:07,15.0
200,2024-09,29,6,25,2024-09-20 10:31:53,2024-09-30 15:17:22,20.69
200,2024-10,23,4,23,2024-10-01 15:53:17,2024-10-10 12:43:22,17.39
200,2024-11,11,1,11,2024-11-15 13:01:10,2024-11-29 15:36:09,9.09
200,2024-12,24,1,20,2024-12-02 09:49:20,2024-12-31 11:19:58,4.17
200,2025-01,26,2,23,2025-01-03 10:42:31,2025-01-31 09:24:39,7.69
200,2025-02,23,4,21,2025-02-03 13:50:14,2025-02-28 14:07:38,17.39
200,2025-03,28,7,24,2025-03-03 12:44:50,2025-03-31 15:57:16,25.0
200,2025-04,13,2,13,2025-04-01 10:06:14,2025-04-10 12:54:20,15.38
200,2025-06,9,2,9,2025-06-23 13:28:06,2025-06-30 10:07:27,22.22
200,2025-07,25,6,22,2025-07-02 13:22:31,2025-07-31 10:54:07,24.0
200,2025-08,22,3,19,2025-08-04 14:16:56,2025-08-29 13:25:08,13.64
200,2025-09,27,4,24,2025-09-02 09:42:30,2025-09-30 14:35:46,14.81
200,2025-10,21,4,19,2025-10-02 15:18:31,2025-10-28 10:34:47,19.05
201,2023-10,1,0,1,2023-10-30 13:07:28,2023-10-30 13:07:28,0.0
201,2023-11,14,0,14,2023-11-09 10:03:43,2023-11-30 11:40:35,0.0
201,2023-12,10,1,10,2023-12-04 10:53:56,2023-12-13 11:19:07,10.0
201,2024-01,1,0,1,2024-01-08 14:35:28,2024-01-08 14:35:28,0.0
201,2024-03,4,1,4,2024-03-28 11:56:29,2024-03-29 11:25:03,25.0
201,2024-04,9,0,9,2024-04-03 11:42:46,2024-04-17 15:27:11,0.0
201,2024-09,31,2,26,2024-09-20 10:52:22,2024-09-30 15:16:15,6.45
201,2024-10,24,1,22,2024-10-01 11:28:48,2024-10-11 10:06:42,4.17
201,2024-11,13,0,13,2024-11-15 14:26:59,2024-11-29 14:13:44,0.0
201,2024-12,27,0,22,2024-12-02 10:03:46,2024-12-30 13:50:59,0.0
201,2025-01,30,2,24,2025-01-02 12:25:53,2025-01-30 15:52:59,6.67
201,2025-02,16,1,15,2025-02-03 10:02:08,2025-02-26 13:35:21,6.25
201,2025-03,32,1,27,2025-03-06 09:21:43,2025-03-31 09:19:30,3.12
201,2025-04,14,0,14,2025-04-01 14:04:51,2025-04-11 12:15:11,0.0
201,2025-06,4,0,4,2025-06-20 11:44:44,2025-06-30 10:11:54,0.0
201,2025-07,24,2,22,2025-07-01 09:46:28,2025-07-30 11:22:37,8.33
201,2025-08,24,4,24,2025-08-01 12:01:29,2025-08-29 15:48:09,16.67
201,2025-09,31,5,26,2025-09-01 09:17:13,2025-09-30 11:59:28,16.13
201,2025-10,30,3,26,2025-10-01 10:09:46,2025-10-28 10:24:33,10.0
202,2023-11,16,0,16,2023-11-03 15:51:36,2023-11-30 12:32:23,0.0
202,2023-12,7,0,7,2023-12-01 14:19:56,2023-12-13 13:03:21,0.0
202,2024-03,2,0,2,2024-03-28 09:17:39,2024-03-28 14:32:25,0.0
202,2024-04,11,0,11,2024-04-02 13:32:12,2024-04-17 15:49:32,0.0
202,2024-09,26,0,24,2024-09-20 10:58:16,2024-09-30 13:27:25,0.0
202,2024-10,26,0,25,2024-10-01 09:26:25,2024-10-11 10:54:22,0.0
202,2024-11,14,0,14,2024-11-18 11:59:29,2024-11-28 10:58:20,0.0
202,2024-12,19,0,19,2024-12-04 11:44:07,2024-12-31 12:29:33,0.0
202,2025-01,21,0,20,2025-01-02 14:31:31,2025-01-31 09:29:31,0.0
202,2025-02,21,0,20,2025-02-03 11:56:24,2025-02-28 14:22:46,0.0
202,2025-03,38,0,33,2025-03-03 09:47:33,2025-03-31 12:18:26,0.0
202,2025-04,11,0,11,2025-04-01 09:41:05,2025-04-11 14:31:45,0.0
202,2025-06,14,0,14,2025-06-20 12:35:58,2025-06-30 13:11:53,0.0
202,2025-07,30,0,26,2025-07-01 10:20:37,2025-07-31 13:17:47,0.0
202,2025-08,24,1,20,2025-08-01 12:48:19,2025-08-27 15:38:35,4.17
202,2025-09,22,0,21,2025-09-02 11:25:02,2025-09-29 09:05:09,0.0
202,2025-10,21,0,18,2025-10-01 11:12:48,2025-10-28 11:29:20,0.0
203,2023-11,13,7,13,2023-11-07 09:13:34,2023-11-30 14:09:13,53.85
203,2023-12,12,5,12,2023-12-01 11:20:06,2023-12-13 11:31:26,41.67
203,2024-01,1,1,1,2024-01-08 15:33:51,2024-01-08 15:33:51,100.0
203,2024-02,14,5,14,2024-02-20 12:03:22,2024-02-26 12:47:09,35.71
203,2024-03,25,4,22,2024-03-05 10:00:14,2024-03-29 12:27:55,16.0
203,2024-04,16,6,16,2024-04-03 09:59:32,2024-04-18 12:14:44,37.5
203,2024-11,25,6,25,2024-11-15 13:31:13,2024-11-29 13:26:02,24.0
203,2024-12,33,8,29,2024-12-02 10:00:37,2024-12-31 10:33:48,24.24
203,2025-01,39,7,31,2025-01-02 09:23:38,2025-01-30 11:50:05,17.95
203,2025-02,34,6,31,2025-02-03 10:18:26,2025-02-28 12:42:33,17.65
203,2025-03,36,5,31,2025-03-03 10:10:49,2025-03-31 10:21:47,13.89
203,2025-04,14,3,14,2025-04-01 09:45:28,2025-04-14 09:31:45,21.43
203,2025-05,36,9,33,2025-05-16 11:40:43,2025-05-30 14:41:14,25.0
203,2025-06,39,2,34,2025-06-02 09:12:47,2025-06-30 13:12:10,5.13
203,2025-07,42,3,35,2025-07-01 11:48:15,2025-07-31 12:11:14,7.14
203,2025-08,36,8,31,2025-08-01 09:54:09,2025-08-29 14:11:03,22.22
203,2025-09,32,2,28,2025-09-01 11:06:22,2025-09-30 11:20:22,6.25
203,2025-10,24,1,23,2025-10-01 11:50:16,2025-10-28 09:17:58,4.17
204,2023-11,17,3,16,2023-11-07 09:27:05,2023-11-30 13:19:02,17.65
204,2023-12,16,2,16,2023-12-01 09:15:57,2023-12-13 10:14:57,12.5
204,2024-02,16,2,16,2024-02-20 09:11:10,2024-02-26 12:52:11,12.5
204,2024-03,67,7,57,2024-03-05 14:23:04,2024-03-29 15:44:47,10.45
204,2024-04,18,3,18,2024-04-02 11:10:20,2024-04-17 11:54:39,16.67
204,2024-05,25,5,25,2024-05-17 14:33:29,2024-05-21 14:03:07,20.0
204,2024-11,21,6,21,2024-11-15 13:37:39,2024-11-29 10:33:50,28.57
204,2024-12,29,2,27,2024-12-02 09:17:35,2024-12-30 12:30:53,6.9
204,2025-01,34,6,31,2025-01-02 11:17:47,2025-01-31 10:36:11,17.65
204,2025-02,37,7,31,2025-02-03 12:45:59,2025-02-28 13:04:13,18.92
204,2025-03,50,7,39,2025-03-03 09:07:49,2025-03-28 12:25:01,14.0
204,2025-04,19,2,19,2025-04-01 09:08:41,2025-04-11 13:39:49,10.53
204,2025-09,30,4,26,2025-09-03 13:11:29,2025-09-30 13:40:07,13.33
204,2025-10,33,4,28,2025-10-01 09:07:53,2025-10-28 11:10:22,12.12
204,2026-03,1,0,1,2026-03-31 13:47:34,2026-03-31 13:47:34,0.0
204,2026-04,91,13,60,2026-04-01 09:50:20,2026-04-30 12:05:10,14.29
204,2026-05,70,10,54,2026-05-04 10:38:24,2026-05-27 10:28:21,14.29
205,2023-11,19,5,18,2023-11-06 15:38:32,2023-11-30 12:45:35,26.32
205,2023-12,20,2,20,2023-12-01 10:11:19,2023-12-12 13:03:48,10.0
205,2024-02,11,2,11,2024-02-19 13:00:12,2024-02-26 15:54:28,18.18
205,2024-03,69,9,59,2024-03-05 10:38:21,2024-03-28 15:21:37,13.04
205,2024-04,16,1,15,2024-04-02 11:00:04,2024-04-18 09:38:49,6.25
205,2024-05,24,6,23,2024-05-17 15:23:29,2024-05-21 15:38:03,25.0
205,2024-11,21,5,20,2024-11-15 13:16:16,2024-11-29 15:42:51,23.81
205,2024-12,37,7,32,2024-12-02 12:28:39,2024-12-31 12:57:31,18.92
205,2025-01,31,5,28,2025-01-02 12:06:33,2025-01-31 15:23:47,16.13
205,2025-02,42,9,39,2025-02-03 11:36:38,2025-02-28 15:01:15,21.43
205,2025-03,46,8,41,2025-03-03 09:01:45,2025-03-31 13:32:48,17.39
205,2025-04,16,5,16,2025-04-01 12:55:50,2025-04-11 13:45:09,31.25
205,2025-09,35,9,31,2025-09-03 13:27:48,2025-09-30 10:37:02,25.71
205,2025-10,29,7,23,2025-10-02 13:28:43,2025-10-28 12:50:14,24.14
205,2026-03,3,0,3,2026-03-31 13:00:37,2026-03-31 15:52:25,0.0
205,2026-04,96,20,61,2026-04-01 09:12:03,2026-04-30 14:08:27,20.83
205,2026-05,59,9,49,2026-05-04 10:35:52,2026-05-27 11:03:58,15.25
206,2023-11,11,4,11,2023-11-06 11:02:48,2023-11-30 14:02:24,36.36
206,2023-12,17,7,17,2023-12-01 12:58:22,2023-12-13 13:03:25,41.18
206,2024-02,16,7,16,2024-02-19 14:40:45,2024-02-26 10:51:42,43.75
206,2024-03,58,22,48,2024-03-05 11:01:33,2024-03-27 11:04:24,37.93
206,2024-04,18,9,17,2024-04-02 14:23:28,2024-04-18 10:13:03,50.0
206,2024-05,16,8,16,2024-05-17 14:33:07,2024-05-21 13:43:59,50.0
206,2024-11,12,6,12,2024-11-15 14:57:44,2024-11-26 12:48:44,50.0
206,2024-12,39,21,38,2024-12-02 12:37:03,2024-12-31 09:41:42,53.85
206,2025-01,34,20,30,2025-01-02 09:59:02,2025-01-31 12:54:43,58.82
206,2025-02,31,16,27,2025-02-03 11:45:07,2025-02-28 09:31:55,51.61
206,2025-03,34,19,28,2025-03-03 12:44:17,2025-03-28 10:38:15,55.88
206,2025-04,16,4,16,2025-04-01 09:16:49,2025-04-10 15:43:35,25.0
206,2025-09,43,18,37,2025-09-03 11:22:12,2025-09-29 13:25:21,41.86
206,2025-10,37,12,34,2025-10-01 09:39:47,2025-10-28 09:32:00,32.43
206,2026-03,2,1,2,2026-03-31 12:56:10,2026-03-31 14:08:00,50.0
206,2026-04,97,31,62,2026-04-01 11:01:58,2026-04-30 09:50:31,31.96
206,2026-05,72,22,53,2026-05-04 10:20:38,2026-05-27 11:31:54,30.56
207,2023-11,18,5,18,2023-11-06 11:58:33,2023-11-30 15:39:49,27.78
207,2023-12,14,2,14,2023-12-01 09:02:26,2023-12-11 13:43:23,14.29
207,2024-02,14,3,14,2024-02-20 13:39:51,2024-02-26 10:24:53,21.43
207,2024-03,58,14,47,2024-03-05 09:31:59,2024-03-29 12:16:38,24.14
207,2024-04,15,4,15,2024-04-03 09:55:32,2024-04-17 13:53:59,26.67
207,2024-05,19,4,19,2024-05-17 15:07:13,2024-05-21 13:14:42,21.05
207,2024-11,15,3,15,2024-11-15 13:53:06,2024-11-27 11:24:17,20.0
207,2024-12,39,10,35,2024-12-02 09:14:32,2024-12-27 13:58:58,25.64
207,2025-01,26,6,22,2025-01-02 10:29:53,2025-01-31 13:11:10,23.08
207,2025-02,31,8,26,2025-02-03 09:30:22,2025-02-28 13:10:25,25.81
207,2025-03,33,9,31,2025-03-04 11:13:50,2025-03-27 15:15:51,27.27
207,2025-04,12,2,12,2025-04-01 15:09:25,2025-04-14 09:38:31,16.67
207,2025-09,30,8,27,2025-09-03 10:39:25,2025-09-30 13:41:40,26.67
207,2025-10,28,6,27,2025-10-02 10:55:45,2025-10-28 11:40:52,21.43
207,2026-03,1,0,1,2026-03-31 14:58:40,2026-03-31 14:58:40,0.0
207,2026-04,93,16,63,2026-04-01 09:51:39,2026-04-30 13:12:41,17.2
207,2026-05,65,13,53,2026-05-04 14:59:49,2026-05-27 12:08:43,20.0
208,2023-11,14,2,13,2023-11-06 11:57:43,2023-11-28 11:33:16,14.29
208,2023-12,15,1,14,2023-12-01 11:42:16,2023-12-13 13:22:57,6.67
208,2024-01,1,0,1,2024-01-08 14:18:14,2024-01-08 14:18:14,0.0
208,2024-02,10,2,10,2024-02-19 14:32:00,2024-02-26 09:30:00,20.0
208,2024-03,65,8,51,2024-03-05 09:25:10,2024-03-28 14:30:40,12.31
208,2024-04,19,2,19,2024-04-02 10:34:15,2024-04-18 10:50:50,10.53
208,2024-05,23,3,23,2024-05-20 09:02:17,2024-05-21 14:32:10,13.04
208,2024-11,17,2,17,2024-11-15 13:12:27,2024-11-29 13:06:29,11.76
208,2024-12,35,6,32,2024-12-02 09:11:45,2024-12-31 11:44:58,17.14
208,2025-01,42,8,35,2025-01-02 14:17:49,2025-01-31 16:05:53,19.05
208,2025-02,34,6,32,2025-02-03 10:01:10,2025-02-28 12:42:15,17.65
208,2025-03,35,5,31,2025-03-03 12:38:59,2025-03-31 13:10:58,14.29
208,2025-04,16,3,16,2025-04-01 09:11:19,2025-04-11 14:18:03,18.75
208,2025-09,30,7,28,2025-09-03 14:23:48,2025-09-30 15:20:11,23.33
208,2025-10,29,3,27,2025-10-01 11:52:39,2025-10-27 13:43:29,10.34
208,2026-03,5,0,5,2026-03-31 12:35:22,2026-03-31 14:57:34,0.0
208,2026-04,80,10,59,2026-04-01 12:28:50,2026-04-30 15:28:22,12.5
208,2026-05,74,10,55,2026-05-04 10:16:46,2026-05-27 09:34:04,13.51
209,2023-11,15,2,14,2023-11-07 09:54:44,2023-11-30 12:45:45,13.33
209,2023-12,13,1,13,2023-12-01 09:26:50,2023-12-13 12:52:24,7.69
209,2024-02,20,1,20,2024-02-19 12:20:40,2024-02-26 14:00:30,5.0
209,2024-03,55,3,42,2024-03-05 10:12:04,2024-03-29 12:21:22,5.45
209,2024-04,16,0,16,2024-04-02 09:48:40,2024-04-18 11:31:24,0.0
209,2024-05,23,1,23,2024-05-17 14:33:06,2024-05-21 14:37:22,4.35
209,2024-11,20,0,20,2024-11-18 09:59:03,2024-11-29 12:05:08,0.0
209,2024-12,39,0,34,2024-12-02 11:05:32,2024-12-31 11:16:43,0.0
209,2025-01,56,4,48,2025-01-02 10:53:41,2025-01-31 14:35:55,7.14
209,2025-02,40,1,37,2025-02-03 12:32:59,2025-02-28 13:39:18,2.5
209,2025-03,48,0,42,2025-03-03 10:33:54,2025-03-31 15:10:31,0.0
209,2025-04,22,1,22,2025-04-01 14:36:09,2025-04-11 14:51:28,4.55
209,2025-09,33,1,30,2025-09-03 14:47:10,2025-09-30 12:53:15,3.03
209,2025-10,24,2,22,2025-10-01 09:33:52,2025-10-28 09:35:40,8.33
209,2026-03,4,0,4,2026-03-31 12:22:14,2026-03-31 14:31:53,0.0
209,2026-04,85,2,58,2026-04-01 09:57:33,2026-04-30 14:59:49,2.35
209,2026-05,75,4,57,2026-05-04 09:17:37,2026-05-27 12:11:53,5.33
210,2023-11,23,4,21,2023-11-07 09:06:56,2023-11-30 11:46:31,17.39
210,2023-12,16,0,16,2023-12-01 10:08:29,2023-12-13 11:49:37,0.0
210,2024-02,18,4,18,2024-02-19 12:30:57,2024-02-26 12:52:51,22.22
210,2024-03,62,13,54,2024-03-05 12:54:15,2024-03-27 13:49:22,20.97
210,2024-04,19,2,17,2024-04-02 10:28:29,2024-04-18 09:00:48,10.53
210,2024-05,19,4,19,2024-05-17 15:06:44,2024-05-21 14:16:37,21.05
210,2024-11,18,4,18,2024-11-19 14:45:54,2024-11-29 10:17:31,22.22
210,2024-12,31,4,29,2024-12-02 09:57:54,2024-12-31 11:36:06,12.9
210,2025-01,39,10,33,2025-01-02 15:03:15,2025-01-30 11:51:40,25.64
210,2025-02,29,5,27,2025-02-03 11:22:49,2025-02-28 12:31:32,17.24
210,2025-03,37,12,35,2025-03-03 12:41:17,2025-03-31 12:55:25,32.43
210,2025-04,13,1,13,2025-04-03 11:12:24,2025-04-11 09:38:28,7.69
210,2025-09,30,9,29,2025-09-04 14:36:25,2025-09-30 13:00:31,30.0
210,2025-10,26,5,23,2025-10-01 14:55:18,2025-10-28 12:34:58,19.23
210,2026-03,2,0,2,2026-03-31 13:16:18,2026-03-31 15:12:03,0.0
210,2026-04,95,19,64,2026-04-01 10:57:18,2026-04-30 11:46:16,20.0
210,2026-05,75,14,59,2026-05-04 11:19:15,2026-05-26 10:14:40,18.67
211,2023-11,12,1,12,2023-11-27 11:01:37,2023-11-30 09:18:48,8.33
211,2023-12,20,0,19,2023-12-01 09:38:43,2023-12-13 11:50:16,0.0
211,2024-02,8,0,8,2024-02-20 10:39:32,2024-02-26 16:02:09,0.0
211,2024-03,20,0,20,2024-03-05 09:10:44,2024-03-29 10:54:58,0.0
211,2024-04,21,2,21,2024-04-02 11:41:56,2024-04-18 12:15:59,9.52
211,2024-11,21,0,21,2024-11-18 10:47:35,2024-11-29 15:00:23,0.0
211,2024-12,38,0,34,2024-12-02 09:32:20,2024-12-31 10:10:24,0.0
211,2025-01,41,2,37,2025-01-02 13:27:42,2025-01-31 14:37:14,4.88
211,2025-02,37,5,35,2025-02-03 12:43:13,2025-02-28 10:29:56,13.51
211,2025-03,44,4,36,2025-03-03 13:54:29,2025-03-31 14:56:34,9.09
211,2025-04,24,3,24,2025-04-02 11:40:59,2025-04-11 13:23:26,12.5
211,2025-05,34,2,34,2025-05-16 12:33:57,2025-05-30 14:25:53,5.88
211,2025-06,38,2,33,2025-06-02 09:34:04,2025-06-30 10:57:11,5.26
211,2025-07,42,3,37,2025-07-01 14:16:08,2025-07-31 12:30:01,7.14
211,2025-08,23,0,19,2025-08-01 13:21:10,2025-08-29 09:48:11,0.0
211,2025-09,31,6,28,2025-09-01 10:49:11,2025-09-30 11:30:13,19.35
211,2025-10,30,4,28,2025-10-01 09:07:20,2025-10-27 09:54:26,13.33
212,2023-11,5,0,5,2023-11-27 11:41:13,2023-11-29 13:47:32,0.0
212,2023-12,16,6,16,2023-12-01 13:09:04,2023-12-13 09:31:12,37.5
212,2024-01,1,0,1,2024-01-08 14:54:30,2024-01-08 14:54:30,0.0
212,2024-02,13,0,13,2024-02-19 12:48:54,2024-02-26 12:29:32,0.0
212,2024-03,21,2,20,2024-03-05 10:22:21,2024-03-29 14:15:41,9.52
212,2024-04,24,6,22,2024-04-02 09:08:20,2024-04-18 11:20:46,25.0
212,2024-11,20,3,20,2024-11-15 13:25:11,2024-11-29 10:34:13,15.0
212,2024-12,37,7,34,2024-12-02 09:49:43,2024-12-30 12:24:56,18.92
212,2025-01,28,5,25,2025-01-02 09:55:01,2025-01-31 09:21:22,17.86
212,2025-02,32,3,31,2025-02-04 10:46:34,2025-02-28 13:25:42,9.38
212,2025-03,52,6,44,2025-03-03 12:21:58,2025-03-31 13:18:36,11.54
212,2025-04,17,1,17,2025-04-02 09:59:46,2025-04-11 12:44:28,5.88
212,2025-05,32,3,29,2025-05-16 12:02:48,2025-05-30 12:03:35,9.38
212,2025-06,47,3,42,2025-06-02 11:40:46,2025-06-30 14:54:18,6.38
212,2025-07,48,3,39,2025-07-01 11:35:25,2025-07-31 11:34:25,6.25
212,2025-08,38,1,31,2025-08-01 09:55:49,2025-08-29 15:34:05,2.63
212,2025-09,41,1,38,2025-09-01 10:33:05,2025-09-30 11:14:45,2.44
212,2025-10,30,1,29,2025-10-01 09:07:32,2025-10-28 11:22:08,3.33
213,2023-11,9,2,9,2023-11-27 10:00:45,2023-11-30 15:19:12,22.22
213,2023-12,14,3,14,2023-12-01 13:51:48,2023-12-11 15:39:34,21.43
213,2024-01,1,0,1,2024-01-08 14:52:35,2024-01-08 14:52:35,0.0
213,2024-02,12,3,12,2024-02-19 15:19:20,2024-02-26 15:08:02,25.0
213,2024-03,29,3,29,2024-03-05 12:20:29,2024-03-29 14:21:47,10.34
213,2024-04,18,1,17,2024-04-02 10:17:37,2024-04-18 09:34:48,5.56
213,2024-11,27,2,27,2024-11-18 09:51:36,2024-11-29 09:41:48,7.41
213,2024-12,29,4,27,2024-12-02 11:13:11,2024-12-31 11:01:15,13.79
213,2025-01,34,3,34,2025-01-02 09:05:55,2025-01-30 13:05:48,8.82
213,2025-02,44,8,41,2025-02-03 11:41:54,2025-02-28 12:50:32,18.18
213,2025-03,42,6,36,2025-03-03 14:37:34,2025-03-31 09:53:12,14.29
213,2025-04,14,0,14,2025-04-02 09:05:25,2025-04-11 11:37:00,0.0
213,2025-05,27,1,26,2025-05-16 12:02:22,2025-05-30 11:59:51,3.7
213,2025-06,41,0,34,2025-06-03 09:47:21,2025-06-27 13:38:41,0.0
213,2025-07,44,7,38,2025-07-01 10:59:17,2025-07-31 11:25:21,15.91
213,2025-08,40,5,32,2025-08-01 14:58:21,2025-08-29 15:20:47,12.5
213,2025-09,27,2,22,2025-09-01 11:47:29,2025-09-30 10:11:52,7.41
213,2025-10,32,4,30,2025-10-02 09:23:41,2025-10-28 11:24:16,12.5
214,2023-11,11,2,11,2023-11-27 10:41:32,2023-11-30 12:26:25,18.18
214,2023-12,15,4,15,2023-12-04 10:30:39,2023-12-13 13:47:50,26.67
214,2024-01,1,1,1,2024-01-08 14:12:37,2024-01-08 14:12:37,100.0
214,2024-02,14,3,13,2024-02-20 15:05:28,2024-02-26 15:02:43,21.43
214,2024-03,25,3,24,2024-03-05 15:41:23,2024-03-29 13:00:58,12.0
214,2024-04,13,1,13,2024-04-03 09:12:39,2024-04-17 13:52:41,7.69
214,2024-11,17,1,16,2024-11-15 15:19:18,2024-11-29 12:45:49,5.88
214,2024-12,20,2,19,2024-12-02 09:52:36,2024-12-31 12:58:24,10.0
214,2025-01,37,4,32,2025-01-02 09:43:54,2025-01-31 13:24:26,10.81
214,2025-02,27,3,24,2025-02-03 14:49:58,2025-02-27 14:36:22,11.11
214,2025-03,42,6,31,2025-03-03 10:06:13,2025-03-31 09:26:18,14.29
214,2025-04,12,1,11,2025-04-01 10:26:34,2025-04-11 13:55:06,8.33
214,2025-05,30,5,28,2025-05-16 12:50:06,2025-05-30 11:50:19,16.67
214,2025-06,36,5,32,2025-06-02 15:18:36,2025-06-27 14:38:32,13.89
214,2025-07,44,5,36,2025-07-01 09:38:28,2025-07-31 11:23:27,11.36
214,2025-08,25,4,22,2025-08-01 09:28:23,2025-08-26 11:39:32,16.0
214,2025-09,41,10,37,2025-09-01 11:26:57,2025-09-30 14:28:57,24.39
214,2025-10,19,2,19,2025-10-06 10:54:19,2025-10-27 15:57:52,10.53
215,2023-11,10,0,10,2023-11-28 09:52:50,2023-11-30 11:12:07,0.0
215,2023-12,14,5,14,2023-12-01 10:28:26,2023-12-13 11:43:48,35.71
215,2024-03,2,0,2,2024-03-28 13:32:32,2024-03-29 11:41:44,0.0
215,2024-04,14,2,13,2024-04-02 13:58:27,2024-04-18 09:51:13,14.29
215,2024-09,27,4,27,2024-09-20 11:13:52,2024-09-30 13:47:12,14.81
215,2024-10,32,3,27,2024-10-01 09:08:29,2024-10-11 11:01:07,9.38
215,2024-11,17,0,16,2024-11-15 14:16:18,2024-11-29 11:51:07,0.0
215,2024-12,24,4,23,2024-12-03 09:29:31,2024-12-30 11:21:58,16.67
215,2025-01,34,2,30,2025-01-02 10:19:48,2025-01-31 09:15:03,5.88
215,2025-02,21,1,18,2025-02-03 09:45:24,2025-02-28 12:48:09,4.76
215,2025-03,29,1,26,2025-03-03 14:58:40,2025-03-28 10:09:05,3.45
215,2025-04,12,1,12,2025-04-02 11:10:24,2025-04-14 09:21:11,8.33
215,2025-06,9,1,9,2025-06-20 09:14:28,2025-06-30 13:00:17,11.11
215,2025-07,23,1,21,2025-07-02 11:32:53,2025-07-30 09:27:37,4.35
215,2025-08,25,2,23,2025-08-01 10:05:16,2025-08-28 15:05:11,8.0
215,2025-09,25,4,24,2025-09-01 09:22:54,2025-09-26 12:19:53,16.0
215,2025-10,23,2,21,2025-10-01 10:32:47,2025-10-24 15:53:10,8.7
216,2023-11,5,1,5,2023-11-28 14:56:26,2023-11-30 15:18:54,20.0
216,2023-12,10,0,10,2023-12-04 11:44:48,2023-12-13 09:45:45,0.0
216,2024-02,7,0,7,2024-02-19 12:50:13,2024-02-26 10:09:02,0.0
216,2024-03,11,2,10,2024-03-05 13:53:56,2024-03-29 15:42:19,18.18
216,2024-04,12,0,12,2024-04-02 10:31:39,2024-04-17 13:12:11,0.0
216,2024-11,13,1,13,2024-11-18 10:11:07,2024-11-28 14:54:47,7.69
216,2024-12,15,3,14,2024-12-02 14:20:39,2024-12-31 09:50:23,20.0
216,2025-01,20,4,19,2025-01-02 12:16:11,2025-01-31 14:54:58,20.0
216,2025-02,17,5,15,2025-02-03 13:08:17,2025-02-27 13:39:34,29.41
216,2025-03,21,6,19,2025-03-03 09:03:05,2025-03-27 09:01:48,28.57
216,2025-04,12,3,12,2025-04-02 10:57:01,2025-04-11 11:48:05,25.0
216,2025-05,4,1,4,2025-05-29 10:43:35,2025-05-30 15:27:11,25.0
216,2025-06,29,2,19,2025-06-02 09:19:40,2025-06-27 12:09:54,6.9
216,2025-07,24,2,20,2025-07-01 09:50:13,2025-07-31 11:55:59,8.33
216,2025-08,14,0,11,2025-08-01 09:08:39,2025-08-29 12:58:02,0.0
216,2025-09,18,1,16,2025-09-02 10:55:44,2025-09-30 15:32:58,5.56
216,2025-10,12,1,11,2025-10-01 14:46:19,2025-10-24 10:35:15,8.33
217,2023-12,13,2,13,2023-12-01 15:41:26,2023-12-13 08:43:07,15.38
217,2024-02,18,1,18,2024-02-19 12:54:21,2024-02-26 14:20:34,5.56
217,2024-03,20,1,20,2024-03-05 09:18:11,2024-03-29 15:21:06,5.0
217,2024-04,22,3,21,2024-04-03 09:07:25,2024-04-18 12:01:24,13.64
217,2024-11,21,2,21,2024-11-18 09:54:21,2024-11-29 14:11:32,9.52
217,2024-12,29,2,24,2024-12-02 11:39:15,2024-12-31 13:52:58,6.9
217,2025-01,35,3,32,2025-01-02 10:11:59,2025-01-31 12:50:44,8.57
217,2025-02,34,1,29,2025-02-04 11:16:19,2025-02-27 11:58:22,2.94
217,2025-03,43,1,35,2025-03-03 11:41:47,2025-03-31 10:58:47,2.33
217,2025-04,15,1,14,2025-04-02 10:39:54,2025-04-14 09:26:50,6.67
218,2023-12,13,1,13,2023-12-01 15:48:55,2023-12-13 12:44:45,7.69
218,2024-02,12,2,12,2024-02-19 15:11:18,2024-02-26 15:20:09,16.67
218,2024-03,30,4,29,2024-03-05 11:36:40,2024-03-29 15:14:50,13.33
218,2024-04,24,4,23,2024-04-03 09:58:37,2024-04-17 13:23:33,16.67
218,2024-11,18,4,18,2024-11-18 09:42:58,2024-11-28 14:05:08,22.22
218,2024-12,39,9,36,2024-12-03 10:39:20,2024-12-31 13:12:53,23.08
218,2025-01,31,5,29,2025-01-02 13:57:18,2025-01-31 14:48:49,16.13
218,2025-02,39,11,34,2025-02-03 09:15:58,2025-02-28 12:54:55,28.21
218,2025-03,33,9,30,2025-03-03 10:26:00,2025-03-31 09:36:13,27.27
218,2025-04,17,4,17,2025-04-01 09:50:24,2025-04-10 12:34:07,23.53
218,2025-05,29,9,29,2025-05-16 12:20:18,2025-05-30 15:02:08,31.03
218,2025-06,44,12,35,2025-06-02 09:54:43,2025-06-30 15:21:51,27.27
218,2025-07,43,13,33,2025-07-01 12:03:52,2025-07-31 12:23:13,30.23
218,2025-08,33,11,29,2025-08-01 09:59:26,2025-08-29 14:13:47,33.33
218,2025-09,39,9,33,2025-09-02 13:25:36,2025-09-30 12:24:05,23.08
218,2025-10,26,4,24,2025-10-01 09:36:59,2025-10-28 11:39:55,15.38
219,2023-12,21,2,21,2023-12-04 10:53:08,2023-12-12 13:34:06,9.52
219,2024-01,2,0,2,2024-01-08 14:56:08,2024-01-08 15:12:14,0.0
219,2024-02,13,2,13,2024-02-20 10:02:57,2024-02-26 14:51:51,15.38
219,2024-03,17,1,16,2024-03-06 13:15:36,2024-03-29 14:32:02,5.88
219,2024-04,15,1,14,2024-04-02 09:17:29,2024-04-16 12:49:03,6.67
219,2024-11,26,1,26,2024-11-15 15:55:25,2024-11-29 15:06:40,3.85
219,2024-12,38,2,34,2024-12-02 10:02:37,2024-12-30 14:57:44,5.26
219,2025-01,37,3,36,2025-01-02 12:37:35,2025-01-31 14:30:21,8.11
219,2025-02,36,4,32,2025-02-03 13:21:23,2025-02-28 10:44:04,11.11
219,2025-03,39,3,34,2025-03-03 09:10:06,2025-03-31 09:28:55,7.69
219,2025-04,19,1,19,2025-04-01 09:53:29,2025-04-14 09:20:46,5.26
219,2025-05,40,2,39,2025-05-16 11:48:42,2025-05-30 14:06:22,5.0
219,2025-06,45,3,39,2025-06-02 10:52:25,2025-06-30 12:29:08,6.67
219,2025-07,34,4,27,2025-07-01 10:08:28,2025-07-31 12:52:09,11.76
219,2025-08,34,1,31,2025-08-01 10:09:50,2025-08-29 15:39:29,2.94
219,2025-09,41,3,35,2025-09-01 10:36:41,2025-09-30 13:42:00,7.32
219,2025-10,26,2,25,2025-10-01 09:23:07,2025-10-28 11:55:16,7.69
220,2024-02,16,4,16,2024-02-20 09:45:25,2024-02-26 14:56:49,25.0
220,2024-03,22,4,22,2024-03-05 09:03:45,2024-03-28 14:35:49,18.18
220,2024-04,22,1,22,2024-04-02 10:42:41,2024-04-18 12:22:30,4.55
220,2024-11,22,2,21,2024-11-15 13:28:53,2024-11-29 09:16:03,9.09
220,2024-12,31,5,29,2024-12-02 14:01:58,2024-12-31 11:37:01,16.13
220,2025-01,33,3,28,2025-01-02 09:17:07,2025-01-30 10:59:12,9.09
220,2025-02,35,1,31,2025-02-03 10:56:25,2025-02-28 11:54:40,2.86
220,2025-03,41,5,33,2025-03-03 10:37:34,2025-03-31 13:16:04,12.2
220,2025-04,18,0,18,2025-04-01 10:54:49,2025-04-14 09:34:57,0.0
220,2025-05,33,2,32,2025-05-16 12:36:06,2025-05-30 09:31:17,6.06
220,2025-06,36,1,33,2025-06-02 15:00:35,2025-06-30 09:31:08,2.78
220,2025-07,50,2,42,2025-07-01 11:28:45,2025-07-31 12:24:27,4.0
220,2025-08,42,0,35,2025-08-01 09:53:44,2025-08-29 13:47:32,0.0
220,2025-09,35,2,30,2025-09-01 09:47:05,2025-09-30 13:09:31,5.71
220,2025-10,33,0,30,2025-10-01 12:40:02,2025-10-28 10:58:41,0.0
221,2024-01,1,1,1,2024-01-08 15:42:17,2024-01-08 15:42:17,100.0
221,2024-02,14,0,14,2024-02-19 14:08:34,2024-02-26 12:31:21,0.0
221,2024-03,18,1,17,2024-03-05 11:27:29,2024-03-28 12:36:58,5.56
221,2024-04,15,0,15,2024-04-02 13:47:49,2024-04-18 09:40:29,0.0
221,2024-11,10,0,10,2024-11-18 12:02:11,2024-11-27 13:06:36,0.0
221,2024-12,41,1,38,2024-12-02 11:34:21,2024-12-31 11:41:21,2.44
221,2025-01,36,2,35,2025-01-07 10:48:44,2025-01-31 11:10:20,5.56
221,2025-02,33,2,28,2025-02-03 10:19:17,2025-02-28 13:29:16,6.06
221,2025-03,41,4,34,2025-03-03 10:00:13,2025-03-31 11:19:03,9.76
221,2025-04,16,2,16,2025-04-02 09:17:41,2025-04-11 14:06:29,12.5
221,2025-05,35,2,32,2025-05-16 11:57:21,2025-05-30 12:07:55,5.71
221,2025-06,46,1,36,2025-06-02 10:01:02,2025-06-30 14:26:34,2.17
221,2025-07,40,2,34,2025-07-01 09:51:58,2025-07-31 15:57:33,5.0
221,2025-08,26,5,24,2025-08-01 11:18:05,2025-08-27 15:31:20,19.23
221,2025-09,27,2,24,2025-09-01 11:31:35,2025-09-30 14:28:13,7.41
221,2025-10,28,2,26,2025-10-01 11:14:31,2025-10-28 11:43:42,7.14
222,2024-02,12,3,12,2024-02-20 10:39:42,2024-02-26 15:51:49,25.0
222,2024-03,29,4,26,2024-03-05 12:10:08,2024-03-29 15:40:41,13.79
222,2024-04,24,6,23,2024-04-02 10:35:31,2024-04-17 12:51:45,25.0
222,2024-11,25,5,24,2024-11-15 13:05:52,2024-11-28 09:49:58,20.0
222,2024-12,25,8,22,2024-12-02 09:31:04,2024-12-31 10:50:49,32.0
222,2025-01,35,8,28,2025-01-02 09:30:07,2025-01-31 09:43:54,22.86
222,2025-02,27,6,25,2025-02-03 10:48:39,2025-02-27 11:53:12,22.22
222,2025-03,36,8,33,2025-03-04 10:09:46,2025-03-27 13:50:42,22.22
222,2025-04,17,5,16,2025-04-01 11:51:48,2025-04-11 11:16:38,29.41
222,2025-05,33,5,33,2025-05-16 12:39:03,2025-05-30 15:33:24,15.15
222,2025-06,45,8,36,2025-06-02 09:52:45,2025-06-27 09:57:05,17.78
222,2025-07,39,8,33,2025-07-01 10:24:18,2025-07-31 12:21:04,20.51
222,2025-08,34,5,26,2025-08-01 12:35:47,2025-08-29 10:20:24,14.71
222,2025-09,36,5,31,2025-09-01 09:11:12,2025-09-30 11:44:55,13.89
222,2025-10,26,9,26,2025-10-02 12:43:12,2025-10-27 10:28:06,34.62
223,2024-03,54,7,51,2024-03-14 10:32:23,2024-03-29 15:22:43,12.96
223,2024-04,14,1,14,2024-04-03 10:28:45,2024-04-18 10:39:11,7.14
223,2024-11,16,3,16,2024-11-15 14:31:59,2024-11-29 14:16:32,18.75
223,2024-12,43,3,39,2024-12-03 11:17:17,2024-12-31 11:11:48,6.98
223,2025-01,44,2,39,2025-01-02 10:07:38,2025-01-31 15:16:59,4.55
223,2025-02,27,1,26,2025-02-05 09:35:27,2025-02-28 11:36:32,3.7
223,2025-03,40,4,36,2025-03-04 11:34:58,2025-03-31 15:28:21,10.0
223,2025-04,14,0,14,2025-04-01 10:06:47,2025-04-11 15:06:34,0.0
225,2024-03,56,16,49,2024-03-11 09:22:33,2024-03-29 10:14:09,28.57
225,2024-04,19,1,18,2024-04-02 09:12:44,2024-04-17 13:33:41,5.26
225,2024-10,3,2,3,2024-10-03 13:25:26,2024-10-03 14:09:55,66.67
225,2024-11,21,6,20,2024-11-15 14:03:48,2024-11-29 14:07:43,28.57
225,2024-12,27,1,23,2024-12-02 09:31:48,2024-12-30 11:16:34,3.7
225,2025-01,43,15,34,2025-01-02 14:09:42,2025-01-31 11:33:12,34.88
225,2025-02,9,3,9,2025-02-03 11:56:29,2025-02-11 11:52:23,33.33
227,2024-03,62,6,56,2024-03-11 09:06:18,2024-03-28 14:52:21,9.68
227,2024-04,13,2,13,2024-04-02 10:13:55,2024-04-18 10:49:23,15.38
227,2024-10,2,0,2,2024-10-03 12:59:41,2024-10-03 13:17:28,0.0
227,2024-11,24,2,24,2024-11-15 13:09:14,2024-11-29 12:17:09,8.33
227,2024-12,31,5,31,2024-12-02 12:59:16,2024-12-30 15:57:03,16.13
227,2025-01,39,2,34,2025-01-02 10:28:47,2025-01-30 12:33:56,5.13
227,2025-02,14,1,14,2025-02-03 12:45:24,2025-02-11 14:39:18,7.14
228,2024-03,72,13,59,2024-03-11 11:24:41,2024-03-29 14:45:34,18.06
228,2024-04,16,1,16,2024-04-02 10:35:11,2024-04-18 09:26:02,6.25
228,2024-10,3,1,3,2024-10-03 12:41:36,2024-10-04 09:14:04,33.33
228,2024-11,21,4,21,2024-11-18 11:24:31,2024-11-29 15:17:54,19.05
228,2024-12,34,10,30,2024-12-02 10:30:22,2024-12-30 10:12:48,29.41
228,2025-01,36,12,29,2025-01-02 10:56:53,2025-01-30 15:09:12,33.33
228,2025-02,12,5,12,2025-02-03 09:09:08,2025-02-11 10:12:58,41.67
229,2024-03,65,6,58,2024-03-11 09:44:35,2024-03-29 14:41:42,9.23
229,2024-04,18,3,18,2024-04-02 11:03:52,2024-04-17 13:48:59,16.67
229,2024-10,2,0,2,2024-10-03 12:29:48,2024-10-03 14:10:50,0.0
229,2024-11,20,3,20,2024-11-15 13:26:57,2024-11-29 11:07:31,15.0
229,2024-12,28,6,26,2024-12-02 13:23:48,2024-12-31 13:22:32,21.43
229,2025-01,41,6,32,2025-01-02 10:38:09,2025-01-31 12:56:10,14.63
229,2025-02,10,1,10,2025-02-03 09:20:48,2025-02-11 10:26:19,10.0
230,2024-03,48,8,45,2024-03-11 10:12:26,2024-03-29 09:13:37,16.67
230,2024-04,16,1,16,2024-04-02 11:13:06,2024-04-18 11:37:07,6.25
230,2024-10,2,0,2,2024-10-03 13:06:23,2024-10-03 15:18:31,0.0
230,2024-11,17,3,16,2024-11-15 13:24:06,2024-11-28 13:48:21,17.65
230,2024-12,37,4,33,2024-12-02 12:37:28,2024-12-31 13:18:19,10.81
230,2025-01,40,3,36,2025-01-02 10:12:27,2025-01-31 10:47:14,7.5
230,2025-02,6,1,6,2025-02-03 10:07:39,2025-02-10 11:56:25,16.67
240,2024-03,57,8,51,2024-03-14 12:56:37,2024-03-29 10:12:06,14.04
240,2024-04,16,0,15,2024-04-02 14:54:55,2024-04-18 11:22:23,0.0
240,2024-11,16,5,16,2024-11-18 09:12:03,2024-11-29 09:20:42,31.25
240,2024-12,27,3,22,2024-12-02 12:44:37,2024-12-31 13:22:10,11.11
240,2025-01,31,4,26,2025-01-02 09:03:43,2025-01-31 15:15:47,12.9
240,2025-02,33,10,30,2025-02-03 11:54:02,2025-02-28 10:51:47,30.3
240,2025-03,38,5,32,2025-03-03 11:04:02,2025-03-31 09:30:10,13.16
240,2025-04,16,1,16,2025-04-01 11:31:27,2025-04-10 14:47:48,6.25
242,2024-09,32,12,28,2024-09-20 12:45:10,2024-09-30 14:25:59,37.5
242,2024-10,28,4,27,2024-10-01 13:13:23,2024-10-10 14:34:17,14.29
242,2024-11,19,3,18,2024-11-15 14:59:52,2024-11-28 14:27:26,15.79
242,2024-12,26,7,22,2024-12-02 09:51:27,2024-12-31 12:40:38,26.92
242,2025-01,26,2,21,2025-01-02 10:29:14,2025-01-30 13:41:38,7.69
242,2025-02,16,3,14,2025-02-04 09:43:06,2025-02-28 15:42:56,18.75
242,2025-03,31,3,25,2025-03-03 10:25:38,2025-03-31 10:38:24,9.68
242,2025-04,14,2,14,2025-04-01 09:47:53,2025-04-11 12:01:47,14.29
242,2025-06,14,4,14,2025-06-20 12:05:57,2025-06-30 16:00:16,28.57
242,2025-07,39,9,29,2025-07-01 11:49:10,2025-07-31 15:38:00,23.08
242,2025-08,24,5,21,2025-08-01 09:34:42,2025-08-28 15:32:02,20.83
242,2025-09,18,5,18,2025-09-01 10:36:45,2025-09-30 14:05:23,27.78
242,2025-10,21,2,21,2025-10-01 09:10:17,2025-10-28 10:14:36,9.52
243,2024-11,20,1,19,2024-11-15 13:17:00,2024-11-29 14:10:26,5.0
243,2024-12,41,0,33,2024-12-02 11:00:55,2024-12-31 14:01:32,0.0
243,2025-01,39,0,36,2025-01-02 10:28:14,2025-01-31 11:45:25,0.0
243,2025-02,44,3,36,2025-02-03 12:26:52,2025-02-28 15:33:32,6.82
243,2025-03,44,2,35,2025-03-03 09:49:28,2025-03-31 12:36:53,4.55
243,2025-04,21,0,21,2025-04-01 09:39:37,2025-04-14 09:26:16,0.0
244,2024-11,10,1,10,2024-11-15 13:06:25,2024-11-28 12:27:34,10.0
244,2024-12,25,0,23,2024-12-02 09:50:38,2024-12-31 12:46:30,0.0
244,2025-01,23,0,23,2025-01-02 10:53:26,2025-01-30 11:53:59,0.0
244,2025-02,19,1,17,2025-02-04 12:59:30,2025-02-27 15:36:33,5.26
244,2025-03,30,1,26,2025-03-04 09:54:42,2025-03-31 10:56:11,3.33
244,2025-04,12,0,12,2025-04-02 11:11:55,2025-04-11 09:16:56,0.0
246,2024-11,8,1,8,2024-11-18 16:02:59,2024-11-29 11:14:39,12.5
246,2024-12,22,2,18,2024-12-02 09:47:55,2024-12-31 13:43:50,9.09
246,2025-01,26,4,22,2025-01-02 10:48:08,2025-01-30 11:09:07,15.38
246,2025-02,19,4,18,2025-02-03 09:21:43,2025-02-27 15:27:06,21.05
246,2025-03,23,3,19,2025-03-03 09:25:19,2025-03-31 09:49:32,13.04
246,2025-04,8,1,8,2025-04-02 14:00:50,2025-04-11 14:40:41,12.5
247,2024-11,24,1,22,2024-11-18 09:46:52,2024-11-29 12:45:49,4.17
247,2024-12,35,0,31,2024-12-02 11:08:54,2024-12-31 11:08:07,0.0
247,2025-01,35,2,31,2025-01-07 10:30:20,2025-01-31 15:53:22,5.71
247,2025-02,38,2,34,2025-02-03 12:38:39,2025-02-28 11:34:26,5.26
247,2025-03,34,1,30,2025-03-03 09:15:59,2025-03-31 13:05:44,2.94
247,2025-04,18,1,18,2025-04-01 09:30:53,2025-04-11 12:32:24,5.56
247,2025-06,11,0,11,2025-06-20 12:01:09,2025-06-30 15:20:27,0.0
247,2025-07,43,0,36,2025-07-01 09:18:32,2025-07-31 15:12:23,0.0
247,2025-08,32,0,26,2025-08-01 09:56:46,2025-08-29 13:15:18,0.0
247,2025-09,27,1,24,2025-09-02 11:01:58,2025-09-30 15:43:42,3.7
247,2025-10,29,0,25,2025-10-02 12:44:26,2025-10-27 15:31:03,0.0
248,2024-12,22,0,19,2024-12-05 09:32:54,2024-12-31 10:01:17,0.0
248,2025-01,33,0,28,2025-01-02 11:49:08,2025-01-31 11:14:36,0.0
248,2025-02,28,0,25,2025-02-04 15:49:35,2025-02-28 16:03:44,0.0
248,2025-03,33,0,29,2025-03-03 10:10:54,2025-03-31 13:16:41,0.0
248,2025-04,12,0,12,2025-04-01 10:02:27,2025-04-11 14:18:42,0.0
249,2024-12,12,0,11,2024-12-09 09:33:25,2024-12-31 14:04:12,0.0
249,2025-01,23,0,22,2025-01-02 10:44:23,2025-01-30 13:40:19,0.0
249,2025-02,28,0,24,2025-02-03 14:52:51,2025-02-28 10:44:41,0.0
249,2025-03,28,0,24,2025-03-04 09:10:03,2025-03-31 14:21:26,0.0
249,2025-04,14,0,14,2025-04-01 09:37:08,2025-04-11 12:32:42,0.0
249,2025-06,17,0,17,2025-06-20 12:10:45,2025-06-30 14:14:26,0.0
249,2025-07,31,0,27,2025-07-02 09:20:35,2025-07-31 09:53:27,0.0
249,2025-08,21,0,18,2025-08-01 09:18:36,2025-08-29 10:00:35,0.0
249,2025-09,26,0,24,2025-09-02 10:43:12,2025-09-30 13:24:22,0.0
249,2025-10,20,0,17,2025-10-01 14:07:45,2025-10-24 10:22:32,0.0
251,2025-05,79,9,63,2025-05-12 14:18:18,2025-05-30 09:45:53,11.39
251,2025-06,40,2,37,2025-06-02 13:15:22,2025-06-27 15:06:20,5.0
251,2025-07,34,3,29,2025-07-01 09:12:39,2025-07-31 11:10:47,8.82
251,2025-08,28,5,26,2025-08-01 10:03:13,2025-08-29 14:21:32,17.86
251,2025-09,36,3,31,2025-09-01 10:17:37,2025-09-26 11:58:59,8.33
251,2025-10,26,3,25,2025-10-01 11:17:42,2025-10-27 15:46:35,11.54
252,2025-05,85,10,61,2025-05-12 14:36:14,2025-05-30 14:04:53,11.76
252,2025-06,40,1,32,2025-06-02 09:33:58,2025-06-30 12:41:48,2.5
252,2025-07,38,2,31,2025-07-01 13:50:05,2025-07-31 13:37:50,5.26
252,2025-08,25,2,22,2025-08-01 10:31:25,2025-08-29 13:50:37,8.0
252,2025-09,37,1,34,2025-09-01 11:14:17,2025-09-30 12:58:35,2.7
252,2025-10,34,4,30,2025-10-01 09:40:37,2025-10-28 12:01:26,11.76
253,2025-05,81,15,63,2025-05-13 10:16:26,2025-05-30 13:59:32,18.52
253,2025-06,42,5,35,2025-06-02 09:56:56,2025-06-30 11:20:09,11.9
253,2025-07,41,5,38,2025-07-01 15:59:25,2025-07-31 13:44:57,12.2
253,2025-08,43,3,35,2025-08-01 11:36:46,2025-08-29 13:03:03,6.98
253,2025-09,26,6,25,2025-09-01 09:19:07,2025-09-30 12:56:57,23.08
253,2025-10,28,2,24,2025-10-01 09:40:03,2025-10-28 11:07:42,7.14
254,2025-05,79,3,61,2025-05-13 10:49:26,2025-05-29 12:32:39,3.8
254,2025-06,40,4,33,2025-06-02 09:39:00,2025-06-30 10:49:15,10.0
254,2025-07,45,3,35,2025-07-02 09:45:51,2025-07-31 14:48:15,6.67
254,2025-08,25,1,22,2025-08-01 12:54:00,2025-08-29 11:10:56,4.0
254,2025-09,33,4,28,2025-09-02 15:47:28,2025-09-30 09:27:29,12.12
254,2025-10,42,4,36,2025-10-01 10:04:33,2025-10-28 13:07:04,9.52
255,2025-05,80,6,61,2025-05-13 11:54:32,2025-05-30 16:15:53,7.5
255,2025-06,44,5,39,2025-06-02 09:17:05,2025-06-30 14:14:20,11.36
255,2025-07,34,3,30,2025-07-01 11:59:25,2025-07-31 10:16:45,8.82
255,2025-08,32,5,31,2025-08-01 11:14:39,2025-08-29 09:51:36,15.62
255,2025-09,29,4,29,2025-09-01 10:15:52,2025-09-30 10:01:34,13.79
255,2025-10,37,3,33,2025-10-01 10:56:03,2025-10-28 10:18:47,8.11
256,2025-05,74,10,60,2025-05-13 15:41:23,2025-05-30 15:16:26,13.51
256,2025-06,46,7,38,2025-06-03 09:07:40,2025-06-30 12:31:10,15.22
256,2025-07,32,7,28,2025-07-01 13:54:37,2025-07-31 13:15:29,21.88
256,2025-08,36,7,31,2025-08-01 11:57:51,2025-08-29 09:35:25,19.44
256,2025-09,40,3,32,2025-09-01 09:43:30,2025-09-30 15:44:57,7.5
256,2025-10,36,2,35,2025-10-01 09:16:26,2025-10-27 11:08:30,5.56
257,2025-05,67,15,55,2025-05-13 15:52:34,2025-05-30 10:38:22,22.39
257,2025-06,42,6,34,2025-06-02 10:05:53,2025-06-27 12:15:20,14.29
257,2025-07,36,14,31,2025-07-01 09:07:49,2025-07-30 10:29:07,38.89
257,2025-08,14,5,14,2025-08-01 12:47:43,2025-08-08 14:02:45,35.71
258,2025-05,83,30,62,2025-05-13 15:50:50,2025-05-30 13:24:51,36.14
258,2025-06,43,7,36,2025-06-04 10:30:08,2025-06-30 11:57:32,16.28
258,2025-07,42,10,33,2025-07-01 12:41:24,2025-07-31 15:04:42,23.81
258,2025-08,11,2,11,2025-08-01 09:38:04,2025-08-08 12:45:01,18.18
259,2025-05,47,19,41,2025-05-15 15:53:16,2025-05-30 13:54:37,40.43
259,2025-06,42,15,37,2025-06-03 09:56:34,2025-06-30 11:19:42,35.71
259,2025-07,29,12,25,2025-07-01 09:09:48,2025-07-30 11:34:30,41.38
259,2025-08,33,9,29,2025-08-01 11:12:54,2025-08-29 12:53:57,27.27
259,2025-09,26,12,24,2025-09-01 12:06:21,2025-09-30 13:20:09,46.15
259,2025-10,31,12,27,2025-10-01 11:47:07,2025-10-28 10:42:44,38.71
260,2025-05,47,17,42,2025-05-16 09:00:50,2025-05-29 14:21:30,36.17
260,2025-06,47,7,38,2025-06-02 11:04:48,2025-06-30 15:32:51,14.89
260,2025-07,36,2,31,2025-07-01 13:59:43,2025-07-31 10:48:05,5.56
260,2025-08,31,5,30,2025-08-01 11:32:13,2025-08-29 13:59:32,16.13
260,2025-09,37,4,31,2025-09-01 11:23:24,2025-09-30 13:45:40,10.81
260,2025-10,26,4,25,2025-10-01 11:05:06,2025-10-27 09:07:50,15.38
261,2025-05,31,13,28,2025-05-16 10:50:54,2025-05-30 14:51:19,41.94
261,2025-06,42,21,35,2025-06-02 10:12:32,2025-06-30 12:21:11,50.0
261,2025-07,39,11,34,2025-07-01 09:28:16,2025-07-31 13:10:18,28.21
261,2025-08,39,14,32,2025-08-01 12:31:27,2025-08-28 09:53:41,35.9
261,2025-09,30,11,26,2025-09-01 11:57:23,2025-09-30 14:14:49,36.67
261,2025-10,33,12,30,2025-10-01 09:25:33,2025-10-28 11:08:11,36.36
262,2025-05,24,5,23,2025-05-16 14:27:02,2025-05-30 13:34:13,20.83
262,2025-06,41,2,33,2025-06-02 09:47:30,2025-06-30 15:14:22,4.88
262,2025-07,43,3,35,2025-07-01 10:58:31,2025-07-31 14:35:09,6.98
262,2025-08,29,7,27,2025-08-01 11:33:11,2025-08-29 13:07:37,24.14
262,2025-09,28,3,26,2025-09-02 09:38:36,2025-09-30 11:51:49,10.71
262,2025-10,33,3,31,2025-10-01 11:23:45,2025-10-27 09:17:07,9.09
264,2025-06,27,7,23,2025-06-06 10:29:35,2025-06-27 09:18:42,25.93
264,2025-07,21,4,16,2025-07-01 10:57:53,2025-07-31 11:54:28,19.05
264,2025-08,18,4,16,2025-08-01 10:10:28,2025-08-28 12:24:24,22.22
264,2025-09,21,3,18,2025-09-01 11:14:58,2025-09-30 12:48:35,14.29
264,2025-10,21,5,18,2025-10-02 14:13:05,2025-10-28 13:33:34,23.81
265,2025-06,24,7,22,2025-06-06 10:13:11,2025-06-25 15:41:57,29.17
265,2025-07,23,8,19,2025-07-01 14:02:20,2025-07-30 14:33:11,34.78
265,2025-08,16,4,13,2025-08-04 11:20:30,2025-08-29 13:02:53,25.0
265,2025-09,23,9,19,2025-09-01 15:30:17,2025-09-30 14:59:43,39.13
265,2025-10,21,6,19,2025-10-03 12:52:50,2025-10-28 12:43:26,28.57
274,2025-09,34,2,29,2025-09-03 13:59:59,2025-09-26 13:59:53,5.88
274,2025-10,28,1,23,2025-10-01 11:27:05,2025-10-24 11:26:49,3.57
274,2026-03,4,0,4,2026-03-31 12:30:20,2026-03-31 14:58:21,0.0
274,2026-04,97,3,64,2026-04-01 10:26:53,2026-04-30 14:43:16,3.09
274,2026-05,54,1,45,2026-05-04 10:20:57,2026-05-27 11:24:49,1.85
275,2025-09,34,0,31,2025-09-03 11:50:43,2025-09-30 09:20:19,0.0
275,2025-10,36,0,30,2025-10-01 12:55:39,2025-10-28 09:58:59,0.0
275,2026-03,4,0,4,2026-03-31 12:20:49,2026-03-31 14:51:44,0.0
275,2026-04,89,0,61,2026-04-01 11:36:42,2026-04-30 15:11:19,0.0
275,2026-05,72,1,55,2026-05-04 09:59:30,2026-05-27 12:10:48,1.39
276,2025-09,28,0,24,2025-09-03 11:38:38,2025-09-30 14:25:23,0.0
276,2025-10,26,1,25,2025-10-01 12:02:43,2025-10-28 09:31:28,3.85
276,2026-03,2,0,2,2026-03-31 13:02:02,2026-03-31 14:51:33,0.0
276,2026-04,86,0,64,2026-04-01 10:51:27,2026-04-30 09:12:18,0.0
276,2026-05,77,3,56,2026-05-04 09:43:10,2026-05-26 14:53:09,3.9
277,2025-09,39,1,35,2025-09-03 11:15:10,2025-09-30 12:09:26,2.56
277,2025-10,27,2,26,2025-10-01 10:28:09,2025-10-28 10:03:36,7.41
277,2026-03,4,0,4,2026-03-31 13:00:04,2026-03-31 15:33:47,0.0
277,2026-04,95,2,63,2026-04-01 10:54:05,2026-04-30 15:23:03,2.11
277,2026-05,67,6,51,2026-05-04 09:18:15,2026-05-27 11:50:55,8.96
278,2025-09,41,4,37,2025-09-03 10:51:14,2025-09-30 12:14:59,9.76
278,2025-10,36,1,31,2025-10-02 09:01:55,2025-10-28 10:50:30,2.78
278,2026-03,3,0,3,2026-03-31 12:50:24,2026-03-31 14:36:15,0.0
278,2026-04,92,3,62,2026-04-01 11:36:51,2026-04-30 15:05:03,3.26
278,2026-05,63,1,52,2026-05-05 09:33:38,2026-05-27 10:26:20,1.59
279,2025-09,34,3,29,2025-09-04 09:26:35,2025-09-30 10:30:14,8.82
279,2025-10,30,3,29,2025-10-01 09:28:15,2025-10-28 12:05:53,10.0
279,2026-03,3,1,3,2026-03-31 13:35:20,2026-03-31 16:00:12,33.33
279,2026-04,92,4,66,2026-04-01 12:54:23,2026-04-30 14:40:25,4.35
279,2026-05,76,4,56,2026-05-04 09:23:05,2026-05-27 12:29:47,5.26
280,2025-09,34,2,31,2025-09-03 15:20:55,2025-09-30 13:03:19,5.88
280,2025-10,28,0,27,2025-10-01 11:26:02,2025-10-24 12:38:59,0.0
280,2026-03,2,0,2,2026-03-31 14:08:58,2026-03-31 14:18:33,0.0
280,2026-04,91,1,61,2026-04-01 11:48:21,2026-04-30 14:22:10,1.1
280,2026-05,64,2,48,2026-05-04 09:37:52,2026-05-26 10:55:36,3.12
281,2025-09,29,0,27,2025-09-03 11:32:02,2025-09-30 13:25:28,0.0
281,2025-10,22,0,22,2025-10-01 12:32:26,2025-10-28 13:09:26,0.0
281,2026-03,1,0,1,2026-03-31 15:46:56,2026-03-31 15:46:56,0.0
281,2026-04,85,0,58,2026-04-01 12:50:09,2026-04-30 14:37:47,0.0
281,2026-05,67,2,53,2026-05-04 12:18:09,2026-05-27 09:44:45,2.99
282,2025-09,29,4,26,2025-09-03 10:48:48,2025-09-29 13:49:12,13.79
282,2025-10,30,3,26,2025-10-01 11:00:34,2025-10-28 12:50:39,10.0
282,2026-03,5,0,5,2026-03-31 12:36:28,2026-03-31 15:13:37,0.0
282,2026-04,81,11,59,2026-04-01 09:19:20,2026-04-30 15:32:28,13.58
282,2026-05,62,8,49,2026-05-04 10:19:06,2026-05-27 11:58:17,12.9
283,2025-09,28,0,27,2025-09-03 12:15:46,2025-09-30 15:51:27,0.0
283,2025-10,30,2,28,2025-10-01 10:51:10,2025-10-24 13:44:50,6.67
283,2026-03,3,0,3,2026-03-31 13:25:22,2026-03-31 15:09:13,0.0
283,2026-04,93,1,62,2026-04-01 10:35:01,2026-04-30 14:59:35,1.08
283,2026-05,72,3,52,2026-05-04 12:10:09,2026-05-27 12:31:06,4.17
284,2025-09,28,0,26,2025-09-03 15:24:52,2025-09-30 15:02:44,0.0
284,2025-10,28,0,25,2025-10-01 09:46:37,2025-10-28 09:11:00,0.0
284,2026-03,1,0,1,2026-03-31 13:53:22,2026-03-31 13:53:22,0.0
284,2026-04,89,0,59,2026-04-01 09:35:29,2026-04-30 15:39:52,0.0
284,2026-05,73,1,59,2026-05-04 11:16:13,2026-05-27 10:56:23,1.37
287,2025-09,2,0,2,2025-09-29 13:53:26,2025-09-29 14:41:24,0.0
287,2025-10,40,16,35,2025-10-01 09:53:26,2025-10-28 11:16:31,40.0
287,2026-03,4,0,4,2026-03-31 13:27:56,2026-03-31 15:43:11,0.0
287,2026-04,93,20,62,2026-04-01 09:43:48,2026-04-30 15:35:32,21.51
287,2026-05,79,20,54,2026-05-04 09:26:19,2026-05-27 11:43:05,25.32
288,2026-03,4,0,4,2026-03-31 10:58:15,2026-03-31 12:50:32,0.0
288,2026-04,138,2,84,2026-04-01 10:55:40,2026-04-30 15:38:48,1.45
288,2026-05,98,5,71,2026-05-04 09:18:43,2026-05-27 09:46:06,5.1
289,2026-03,5,0,5,2026-03-31 10:28:54,2026-03-31 12:29:01,0.0
289,2026-04,121,12,84,2026-04-01 11:07:56,2026-04-30 15:17:21,9.92
289,2026-05,112,8,76,2026-05-04 09:23:07,2026-05-27 09:42:28,7.14
290,2026-03,7,2,7,2026-03-31 10:54:25,2026-03-31 15:30:00,28.57
290,2026-04,134,25,81,2026-04-01 09:09:27,2026-04-30 14:11:47,18.66
290,2026-05,109,13,75,2026-05-04 10:07:20,2026-05-27 11:32:02,11.93
291,2026-03,4,0,4,2026-03-31 11:38:12,2026-03-31 15:40:23,0.0
291,2026-04,135,0,87,2026-04-01 10:16:52,2026-04-30 15:27:20,0.0
291,2026-05,100,3,72,2026-05-04 09:30:21,2026-05-27 11:42:52,3.0
292,2026-03,9,1,9,2026-03-31 10:29:13,2026-03-31 15:22:47,11.11
292,2026-04,131,9,76,2026-04-01 09:56:35,2026-04-30 14:36:54,6.87
292,2026-05,106,7,72,2026-05-04 09:04:44,2026-05-27 10:25:02,6.6
293,2026-03,5,0,5,2026-03-31 10:33:50,2026-03-31 15:56:49,0.0
293,2026-04,134,1,83,2026-04-01 09:38:49,2026-04-30 15:37:06,0.75
293,2026-05,106,5,73,2026-05-04 10:14:15,2026-05-27 11:55:21,4.72
294,2026-03,13,0,13,2026-03-31 10:31:29,2026-03-31 15:27:45,0.0
294,2026-04,141,6,88,2026-04-01 13:38:36,2026-04-30 15:12:28,4.26
294,2026-05,116,5,77,2026-05-04 10:46:01,2026-05-27 11:11:09,4.31
295,2026-03,3,0,3,2026-03-31 10:39:14,2026-03-31 11:47:29,0.0
295,2026-04,132,20,83,2026-04-01 10:05:02,2026-04-30 13:57:21,15.15
295,2026-05,95,14,68,2026-05-04 09:57:07,2026-05-26 14:22:53,14.74
296,2026-03,7,1,7,2026-03-31 10:43:59,2026-03-31 14:05:06,14.29
296,2026-04,137,13,87,2026-04-01 11:23:12,2026-04-30 13:16:34,9.49
296,2026-05,111,13,78,2026-05-04 09:20:35,2026-05-26 15:39:10,11.71
297,2026-03,12,1,12,2026-03-31 10:30:04,2026-03-31 15:34:25,8.33
297,2026-04,134,5,84,2026-04-01 10:55:07,2026-04-30 13:31:32,3.73
297,2026-05,107,5,72,2026-05-04 09:44:10,2026-05-27 11:59:13,4.67
298,2026-03,10,0,10,2026-03-31 10:25:27,2026-03-31 12:45:20,0.0
298,2026-04,127,8,82,2026-04-01 12:36:05,2026-04-30 14:21:31,6.3
298,2026-05,109,6,76,2026-05-04 11:46:51,2026-05-27 11:49:42,5.5
299,2026-03,3,2,3,2026-03-31 10:30:27,2026-03-31 13:58:47,66.67
299,2026-04,131,25,83,2026-04-01 09:45:54,2026-04-30 16:02:16,19.08
299,2026-05,94,16,69,2026-05-04 09:20:31,2026-05-27 10:45:04,17.02
299,2026-06,1,1,1,2026-06-08 14:39:42,2026-06-08 14:39:42,100.0
300,2026-03,5,2,5,2026-03-31 10:25:22,2026-03-31 15:01:03,40.0
300,2026-04,136,22,85,2026-04-01 09:07:18,2026-04-30 11:14:10,16.18
300,2026-05,102,22,69,2026-05-04 09:02:07,2026-05-27 12:11:01,21.57
301,2026-03,6,0,6,2026-03-31 11:46:15,2026-03-31 14:01:20,0.0
301,2026-04,137,1,84,2026-04-01 09:52:05,2026-04-30 16:00:03,0.73
301,2026-05,103,2,74,2026-05-04 09:19:11,2026-05-27 12:32:23,1.94
302,2026-03,6,0,6,2026-03-31 10:54:25,2026-03-31 13:19:13,0.0
302,2026-04,126,13,83,2026-04-01 09:04:02,2026-04-30 14:23:52,10.32
302,2026-05,97,10,68,2026-05-04 09:36:31,2026-05-27 11:57:46,10.31
303,2026-03,6,0,6,2026-03-31 11:21:28,2026-03-31 13:53:34,0.0
303,2026-04,145,5,87,2026-04-01 09:10:19,2026-04-30 15:00:14,3.45
303,2026-05,109,1,75,2026-05-04 09:29:06,2026-05-27 10:37:01,0.92
304,2026-03,6,0,6,2026-03-31 10:53:40,2026-03-31 14:25:26,0.0
304,2026-04,140,1,86,2026-04-01 09:46:51,2026-04-30 12:27:18,0.71
304,2026-05,98,3,71,2026-05-04 09:54:43,2026-05-27 10:35:36,3.06
305,2026-03,6,3,6,2026-03-31 10:55:21,2026-03-31 14:25:33,50.0
305,2026-04,138,54,83,2026-04-01 09:45:54,2026-04-30 13:59:04,39.13
305,2026-05,104,28,71,2026-05-04 09:13:44,2026-05-27 11:45:00,26.92
306,2026-03,8,0,8,2026-03-31 11:13:14,2026-03-31 14:44:43,0.0
306,2026-04,132,4,83,2026-04-01 10:13:07,2026-04-30 15:42:10,3.03
306,2026-05,105,1,71,2026-05-04 10:22:24,2026-05-27 10:08:08,0.95
307,2026-03,5,2,5,2026-03-31 11:37:39,2026-03-31 14:23:53,40.0
307,2026-04,143,16,86,2026-04-01 10:00:15,2026-04-30 11:22:19,11.19
307,2026-05,108,7,73,2026-05-04 09:25:14,2026-05-27 11:51:46,6.48
308,2026-03,11,0,11,2026-03-31 11:01:12,2026-03-31 14:31:32,0.0
308,2026-04,124,8,81,2026-04-01 11:16:37,2026-04-30 13:41:21,6.45
308,2026-05,103,9,71,2026-05-04 10:04:45,2026-05-27 11:24:26,8.74
